Symbol,Name,Price (Intraday),Change,% Change,Volume,Avg Vol (3 month),Market Cap,PE Ratio (TTM),
NONOF,Novo Nordisk A/S,64.16,1.38,2.20%,"1,993","11,800",151.332B,26.06,
NVO,Novo Nordisk A/S,65.03,1.14,1.78%,1.362M,"981,340",151.332B,26.41,
CMXHF,CSL Limited,200.62,0,0.00%,15,192,92.068B,43.47,
CSLLY,CSL Limited,101.34,-0.55,-0.54%,"37,491","39,161",91.571B,43.92,
REGN,"Regeneron Pharmaceuticals, Inc.",548.58,5.02,0.92%,"835,900","873,349",58.365B,21.24,
VRTX,Vertex Pharmaceuticals Incorporated,207.42,-0.94,-0.45%,1.839M,1.736M,53.937B,20.33,
WXIBF,WuXi Biologics (Cayman) Inc.,28.99,0,0.00%,633,238,37.869B,603.96,
WXXWY,WuXi Biologics (Cayman) Inc.,55.96,-0.25,-0.44%,"4,668","25,989",34.529B,N/A,
SGEN,Seagen Inc.,168.51,1.71,1.03%,1.621M,"912,183",29.32B,63.64,
MRNA,"Moderna, Inc.",67.11,-0.36,-0.53%,4.65M,9.86M,26.556B,N/A,
BGNE,"BeiGene, Ltd.",299,2.48,0.84%,"214,984","235,918",26.373B,N/A,
ALXN,"Alexion Pharmaceuticals, Inc.",114.83,-0.31,-0.27%,1.51M,2.083M,25.13B,26.65,
RPRX,Royalty Pharma plc,37.58,0.88,2.40%,1.216M,1.273M,22.815B,N/A,
GMAB,Genmab A/S,33.97,0.31,0.92%,"622,935","561,064",22.329B,N/A,
GNMSF,Genmab A/S,337.34,0.98,0.29%,161,"1,089",22.329B,94.07,
BNTX,BioNTech SE,87.1,1.74,2.04%,2.14M,2.607M,20.745B,N/A,
UCBJY,UCB SA,51.47,2.39,4.87%,"17,809","8,898",19.559B,19.06,
SBHMY,Sino Biopharmaceutical Limited,19.64,0,0.00%,5,37,18.732B,29.76,
UCBJF,UCB SA,102.85,0,0.00%,100,46,19.559B,19.05,
SBMFF,Sino Biopharmaceutical Limited,0.9918,-0.0302,-2.96%,156,"5,070",18.732B,30.05,
INCY,Incyte Corporation,84.44,-2.2,-2.54%,"955,467",1.11M,18.467B,N/A,
ALNY,"Alnylam Pharmaceuticals, Inc.",124.91,1.94,1.58%,"469,417","462,546",14.486B,N/A,
BMRN,BioMarin Pharmaceutical Inc.,73.42,-1.01,-1.36%,1.598M,2.41M,13.315B,108.61,
MYOK,"MyoKardia, Inc.",223.28,-0.25,-0.11%,1.076M,1.077M,11.903B,N/A,
ARGX,argenx SE,249.49,1.36,0.55%,"121,622","174,804",11.758B,N/A,
SRPT,"Sarepta Therapeutics, Inc.",137.29,1.38,1.02%,"477,183","644,806",10.778B,N/A,
TECH,Bio-Techne Corporation,260,7.59,3.01%,"130,893","162,492",10.025B,44.67,
MRTX,"Mirati Therapeutics, Inc.",216.11,-1.03,-0.47%,"569,157","510,364",9.678B,N/A,
NBIX,"Neurocrine Biosciences, Inc.",95.98,-2.69,-2.73%,"977,329","777,784",8.951B,46.21,
ASND,Ascendis Pharma A/S,162.49,-0.86,-0.53%,"256,789","160,126",8.68B,N/A,
CVAC,CureVac N.V.,47.08,-1.7,-3.49%,"621,055",1.58M,8.379B,N/A,
JAZZ,Jazz Pharmaceuticals plc,147.25,3.15,2.19%,"649,217","751,456",8.166B,62.5,
GLPG,Galapagos NV,114.53,-1.95,-1.67%,"357,631","167,384",7.476B,N/A,
ACAD,ACADIA Pharmaceuticals Inc.,45.64,-0.81,-1.74%,1.297M,1.2M,7.25B,N/A,
IONS,"Ionis Pharmaceuticals, Inc.",46.77,-0.18,-0.38%,"642,963","934,043",6.534B,51.06,
EXEL,"Exelixis, Inc.",20.61,0.13,0.63%,1.208M,1.939M,6.368B,23.18,
ADPT,Adaptive Biotechnologies Corporation,45.84,-0.24,-0.52%,"613,417","875,116",6.225B,N/A,
XLRN,Acceleron Pharma Inc.,102.36,-2.22,-2.12%,"337,009","397,349",6.131B,N/A,
CRSP,CRISPR Therapeutics AG,86.16,-5.66,-6.16%,1.315M,"976,861",6.087B,N/A,
ARWR,"Arrowhead Pharmaceuticals, Inc.",58.22,0.92,1.61%,"922,252",1.539M,5.955B,N/A,
UTHR,United Therapeutics Corporation,133.98,-0.25,-0.19%,"460,558","355,812",5.954B,12.65,
RARE,Ultragenyx Pharmaceutical Inc.,95.53,-4.97,-4.95%,1.518M,"391,507",6.256B,N/A,
BPMC,Blueprint Medicines Corporation,98.47,-3.81,-3.73%,"657,136","431,718",5.488B,15.94,
IOVA,"Iovance Biotherapeutics, Inc.",36.44,0.76,2.13%,1.288M,1.389M,5.336B,N/A,
DNLI,Denali Therapeutics Inc.,43.77,0.99,2.31%,"483,576","713,820",5.221B,N/A,
NVAX,"Novavax, Inc.",82.4,1.69,2.09%,1.855M,5.667M,5.049B,N/A,
ARNA,"Arena Pharmaceuticals, Inc.",82.58,-3.14,-3.66%,"921,326","607,360",4.76B,N/A,
BBIO,"BridgeBio Pharma, Inc.",38.57,0.19,0.50%,"298,897","638,421",4.72B,N/A,
ABCM,Abcam plc,19.95,0.95,5.00%,"203,100","634,800",4.635B,N/A,
ALLO,"Allogene Therapeutics, Inc.",33.25,-0.67,-1.98%,"864,457","592,973",4.631B,N/A,
BHVN,Biohaven Pharmaceutical Holding Company Ltd.,77.33,-0.13,-0.17%,"576,476","487,840",4.616B,N/A,
FOLD,"Amicus Therapeutics, Inc.",17.74,-0.09,-0.50%,2.289M,1.854M,4.591B,N/A,
CBPO,"China Biologic Products Holdings, Inc.",116.57,0.36,0.31%,"114,917","90,073",4.498B,30.76,
BLI,"Berkeley Lights, Inc.",70.38,-2.19,-3.02%,"78,420","154,609",4.486B,N/A,
ABCZF,Abcam plc,19.02,0,0.00%,750,"1,278",4.414B,47.67,
ABCZY,Abcam plc,19.4,0.52,2.75%,"5,490","9,523",4.35B,48.62,
IMVT,"Immunovant, Inc.",44.6,0.98,2.25%,"370,984","511,495",4.325B,N/A,
ALLK,Allakos Inc.,87.85,-7.28,-7.65%,"652,395","210,623",4.297B,N/A,
HCM,Hutchison China MediTech Limited,30.13,0.69,2.34%,"165,938","239,729",4.205B,N/A,
KOD,Kodiak Sciences Inc.,91.04,0.23,0.25%,"291,437","293,704",4.071B,N/A,
TPTX,"Turning Point Therapeutics, Inc.",95.53,3.34,3.62%,"347,843","437,969",4.028B,N/A,
VIR,"Vir Biotechnology, Inc.",30.74,-0.7,-2.23%,"604,272",1.131M,3.906B,N/A,
HALO,"Halozyme Therapeutics, Inc.",28.4,0.4,1.43%,2.815M,1.135M,3.892B,184.42,
RETA,"Reata Pharmaceuticals, Inc.",114.95,-1.76,-1.51%,"230,238","336,013",3.863B,N/A,
FATE,"Fate Therapeutics, Inc.",43.94,-0.46,-1.04%,"532,676","854,186",3.816B,N/A,
IDRSF,Idorsia Ltd,26,0,0.00%,547,"1,009",3.816B,N/A,
SAGE,"Sage Therapeutics, Inc.",71.68,-1.7,-2.32%,"536,368","647,655",3.726B,N/A,
PTCT,"PTC Therapeutics, Inc.",55.02,2.83,5.42%,"537,175","610,915",3.725B,N/A,
FGEN,"FibroGen, Inc.",39.2,0.82,2.14%,"587,206","707,356",3.542B,N/A,
BLUE,"bluebird bio, Inc.",53.09,1.38,2.67%,1.164M,"665,240",3.516B,N/A,
MOR,MorphoSys AG,25.55,0.42,1.67%,"80,719","74,101",3.375B,N/A,
LEGN,Legend Biotech Corporation,25.96,0.09,0.35%,"332,984","221,416",3.355B,N/A,
MPSYF,MorphoSys AG,98.3,0,0.00%,"1,403",847,3.375B,N/A,
TGTX,"TG Therapeutics, Inc.",26.06,0.79,3.13%,1.244M,1.717M,3.3B,N/A,
DCPH,"Deciphera Pharmaceuticals, Inc.",57.92,-0.15,-0.26%,"193,338","347,253",3.265B,N/A,
CCXI,"ChemoCentryx, Inc.",47.25,-0.75,-1.56%,"853,132","601,687",3.255B,N/A,
GBT,"Global Blood Therapeutics, Inc.",52.47,-0.41,-0.78%,1.034M,"792,670",3.22B,N/A,
RLAY,"Relay Therapeutics, Inc.",35.71,-1.23,-3.33%,"409,216","345,909",3.213B,N/A,
INSM,Insmed Incorporated,31.45,-1.49,-4.52%,1.359M,"842,413",3.204B,N/A,
NKTR,Nektar Therapeutics,16.12,0.28,1.77%,1.542M,1.035M,2.884B,N/A,
SWTX,"SpringWorks Therapeutics, Inc.",58.59,0.6,1.03%,"301,706","287,524",2.851B,N/A,
IMAB,I-Mab,39.93,-1.24,-3.01%,"462,531","228,763",2.815B,N/A,
AGIO,"Agios Pharmaceuticals, Inc.",40.14,0.07,0.17%,"550,656","698,758",2.774B,N/A,
EIDX,"Eidos Therapeutics, Inc.",71.33,0.41,0.58%,"111,643","185,150",2.753B,N/A,
MCRB,"Seres Therapeutics, Inc.",29.51,1.62,5.81%,"520,580",2.799M,2.635B,N/A,
ALKS,Alkermes plc,16.38,0.13,0.80%,"859,456",1.181M,2.605B,N/A,
AXSM,"Axsome Therapeutics, Inc.",66.86,0.55,0.83%,"288,342","377,947",2.493B,N/A,
HRMY,"Harmony Biosciences Holdings, Inc.",38.56,-0.34,-0.87%,"78,953","299,562",2.455B,N/A,
PHMMF,"Pharma Mar, S.A.",127.35,0,0.00%,49,228,2.526B,N/A,
APLS,"Apellis Pharmaceuticals, Inc.",31.55,-0.35,-1.10%,"750,056","570,775",2.385B,N/A,
AVIR,"Atea Pharmaceuticals, Inc.",29.74,-0.6,-1.98%,"826,766",2.205M,2.357B,N/A,
KRTX,"Karuna Therapeutics, Inc.",83.54,2.35,2.89%,"153,819","167,172",2.223B,N/A,
ADCT,ADC Therapeutics SA,29.01,0.32,1.12%,"90,898","206,883",2.226B,N/A,
XNCR,"Xencor, Inc.",37.93,-0.45,-1.17%,"175,622","303,883",2.171B,N/A,
RVMD,"Revolution Medicines, Inc.",30.78,0.59,1.95%,"347,688","439,915",2.029B,N/A,
VCYT,"Veracyte, Inc.",35,0.34,0.98%,"497,942","557,010",2.012B,N/A,
CORT,Corcept Therapeutics Incorporated,17.41,0.63,3.75%,1.165M,2.829M,2.012B,18.52,
MDGL,"Madrigal Pharmaceuticals, Inc.",127.3,0.05,0.04%,"103,354","128,738",1.965B,N/A,
AUPH,Aurinia Pharmaceuticals Inc.,15.5,-0.18,-1.15%,1.065M,"946,912",1.955B,N/A,
EDIT,"Editas Medicine, Inc.",31.3,0.36,1.16%,"571,003","888,307",1.949B,N/A,
REPL,"Replimune Group, Inc.",42,0.19,0.45%,"562,129","576,946",1.928B,N/A,
FMTX,"Forma Therapeutics Holdings, Inc.",44.14,1.02,2.37%,"111,262","201,780",1.926B,N/A,
AMRN,Amarin Corporation plc,4.94,0.08,1.65%,2.517M,8.554M,1.92B,N/A,
BEAM,Beam Therapeutics Inc.,34.65,0.48,1.40%,"676,368","722,813",1.911B,N/A,
PCVX,"Vaxcyte, Inc.",37.05,-0.32,-0.86%,"92,284","218,503",2.035B,N/A,
ITCI,"Intra-Cellular Therapies, Inc.",23.88,-0.79,-3.20%,1.033M,1.833M,1.886B,N/A,
SRNE,"Sorrento Therapeutics, Inc.",7.08,0.14,2.02%,7.465M,38.913M,1.853B,N/A,
QURE,uniQure N.V.,40.87,0.44,1.09%,"266,213","393,004",1.819B,N/A,
VIE,"Viela Bio, Inc.",33.07,1.16,3.64%,"93,962","182,180",1.81B,N/A,
ZYME,Zymeworks Inc.,39.65,0.53,1.35%,"264,532","410,876",1.809B,N/A,
YMAB,"Y-mAbs Therapeutics, Inc.",44.41,1.67,3.91%,"106,748","147,601",1.891B,N/A,
KURA,"Kura Oncology, Inc.",31.38,0.13,0.42%,"491,534","658,938",1.766B,N/A,
CSPHF,CStone Pharmaceuticals,1.52,0,0.00%,"3,838","2,008",1.72B,N/A,
ALVR,"AlloVir, Inc.",26.32,-0.11,-0.42%,"128,585","382,196",1.714B,N/A,
RVNC,"Revance Therapeutics, Inc.",25.93,0.05,0.19%,"317,069","601,949",1.71B,N/A,
INO,"Inovio Pharmaceuticals, Inc.",10.02,0.17,1.73%,3.831M,17.157M,1.679B,N/A,
NSTG,"NanoString Technologies, Inc.",37.08,0.43,1.17%,"432,327","572,180",1.622B,N/A,
RCPHF,Recipharm AB (publ),16.05,0,0.00%,876,68,1.619B,N/A,
KYMR,"Kymera Therapeutics, Inc.",36.18,0.19,0.53%,"55,865","236,668",1.611B,N/A,
IGMS,"IGM Biosciences, Inc.",52.39,-0.4,-0.76%,"254,389","170,580",1.606B,N/A,
RCKT,"Rocket Pharmaceuticals, Inc.",28.64,0.7,2.51%,"176,831","272,800",1.581B,N/A,
DRNA,"Dicerna Pharmaceuticals, Inc.",21.15,0.16,0.76%,"507,280","594,189",1.575B,N/A,
PMVP,"PMV Pharmaceuticals, Inc.",35,-0.05,-0.14%,"144,547","372,025",1.567B,N/A,
BVNRY,Bavarian Nordic A/S,9.23,0,0.00%,54,382,1.61B,N/A,
ZNTL,"Zentalis Pharmaceuticals, Inc.",38.37,-1.22,-3.08%,"188,132","143,935",1.626B,N/A,
PRLD,Prelude Therapeutics Incorporated,34.79,-0.44,-1.25%,"93,263","325,525",1.52B,N/A,
ALXO,ALX Oncology Holdings Inc.,40.22,0.71,1.80%,"93,709","151,398",1.487B,N/A,
HRTX,"Heron Therapeutics, Inc.",16.35,0.04,0.25%,"606,791","738,872",1.485B,N/A,
CYDY,CytoDyn Inc.,2.6,0.115,4.63%,2.624M,4.179M,1.484B,N/A,
KRON,"Kronos Bio, Inc.",26.93,-1.16,-4.13%,"270,729","613,211",1.482B,N/A,
SGMO,"Sangamo Therapeutics, Inc.",10.38,0.04,0.39%,1.771M,1.521M,1.463B,N/A,
VBIZF,Viva Biotech Holdings,1,-0.1,-9.09%,"1,266",484,1.46B,N/A,
NTLA,"Intellia Therapeutics, Inc.",24.32,0.38,1.59%,"630,301","890,053",1.429B,N/A,
RCUS,"Arcus Biosciences, Inc.",21.03,-0.77,-3.53%,"885,922","536,203",1.365B,N/A,
ARCT,Arcturus Therapeutics Holdings Inc.,55.27,1.19,2.20%,"526,822","625,570",1.353B,N/A,
ZEAL,Zealand Pharma A/S,34.22,0.41,1.21%,"1,808","5,206",1.375B,11.4,
LGND,Ligand Pharmaceuticals Incorporated,82.9,0.45,0.55%,"293,060","304,344",1.333B,N/A,
ZLDPF,Zealand Pharma A/S,33.4,0,0.00%,100,54,1.376B,N/A,
SRRK,Scholar Rock Holding Corporation,44.26,5.36,13.78%,5.175M,1.859M,1.453B,N/A,
CRTX,"Cortexyme, Inc.",44.28,-3.59,-7.50%,"127,529","90,038",1.347B,N/A,
MESO,Mesoblast Limited,10.85,0.15,1.40%,"235,157",1.179M,1.281B,N/A,
NGM,"NGM Biopharmaceuticals, Inc.",18.57,1.23,7.09%,"275,813","163,620",1.278B,N/A,
EPZM,"Epizyme, Inc.",12.53,0.17,1.38%,"545,559","894,824",1.272B,N/A,
MYOV,Myovant Sciences Ltd.,14.08,0.28,2.03%,"761,198",1.14M,1.269B,N/A,
MRSN,"Mersana Therapeutics, Inc.",18.47,0.45,2.50%,"488,213","922,456",1.264B,N/A,
MEOBF,Mesoblast Limited,2.1498,-0.0002,-0.01%,"250,000","29,053",1.263B,N/A,
STOK,"Stoke Therapeutics, Inc.",37.85,-0.54,-1.41%,"151,040","86,809",1.258B,N/A,
PRAX,"Praxis Precision Medicines, Inc.",33.49,-1.51,-4.31%,"182,467","554,541",1.231B,N/A,
TRIL,Trillium Therapeutics Inc.,12.42,-0.03,-0.24%,"735,156",2.157M,1.217B,N/A,
CALZF,PolyNovo Limited,1.81,0.01,0.56%,600,"2,153",1.216B,N/A,
GBIO,Generation Bio Co.,25.61,-0.23,-0.89%,"108,849","154,581",1.189B,N/A,
CHRS,"Coherus BioSciences, Inc.",16.6,-0.07,-0.42%,"675,368","957,724",1.186B,7.01,
TBPH,"Theravance Biopharma, Inc.",18.59,-0.32,-1.69%,"146,404","379,900",1.181B,N/A,
ZGNX,"Zogenix, Inc.",20.97,-0.35,-1.64%,1.085M,1.203M,1.163B,N/A,
BDTX,"Black Diamond Therapeutics, Inc.",31.57,0.06,0.19%,"90,100","193,172",1.134B,N/A,
CYTK,"Cytokinetics, Incorporated",15.95,0.58,3.77%,"842,275",1.521M,1.125B,N/A,
STTK,"Shattuck Labs, Inc.",26.87,1.02,3.95%,"290,262","454,982",1.122B,N/A,
RLFTF,Relief Therapeutics Holding AG,0.494,-0.036,-6.79%,22.902M,23.542M,1.12B,N/A,
CGEN,Compugen Ltd.,12.73,-0.16,-1.24%,"993,169",1.474M,1.118B,N/A,
SMMT,Summit Therapeutics Inc.,3.31,0.04,1.22%,"35,664","51,563",1.113B,N/A,
ADVM,"Adverum Biotechnologies, Inc.",11.34,0.43,3.94%,"811,224",1.271M,1.104B,N/A,
IMGN,"ImmunoGen, Inc.",5.77,0.13,2.30%,1.475M,2.63M,1.08B,N/A,
SOLTF,Sosei Group Corporation,12.39,1.23,11.02%,100,104,1.069B,N/A,
KPTI,Karyopharm Therapeutics Inc.,14.5,-0.32,-2.16%,2.036M,1.273M,1.065B,N/A,
CCCC,"C4 Therapeutics, Inc.",24.74,-0.01,-0.04%,"738,841","778,090",1.063B,N/A,
AMTI,Applied Molecular Transport Inc.,30.2,0.81,2.76%,"66,516","226,418",1.052B,N/A,
MGNX,"MacroGenics, Inc.",19.41,0,0.00%,"419,696","494,506",1.05B,N/A,
KNSA,"Kiniksa Pharmaceuticals, Ltd.",15.42,-0.24,-1.53%,"220,146","390,970",1.047B,N/A,
KROS,"Keros Therapeutics, Inc.",51.8,-3.8,-6.83%,"439,886","116,573",1.045B,N/A,
BTAI,"BioXcel Therapeutics, Inc.",46.69,1,2.19%,"326,811","570,932",1.044B,N/A,
RGNX,REGENXBIO Inc.,27.93,-0.83,-2.89%,"207,447","344,623",1.043B,N/A,
INVA,"Innoviva, Inc.",10.25,-0.56,-5.18%,"623,115","825,803",1.039B,5.1,
RTRX,"Retrophin, Inc.",20.15,-0.09,-0.44%,"233,288","296,620",1.026B,N/A,
PHAT,"Phathom Pharmaceuticals, Inc.",39.43,0.07,0.18%,"117,735","46,609",1.01B,N/A,
RNA,"Avidity Biosciences, Inc.",26.19,1.46,5.90%,"236,650","205,284",982.822M,N/A,
NRIX,"Nurix Therapeutics, Inc.",25.12,-0.17,-0.67%,"66,401","181,744",976.048M,N/A,
TBIO,"Translate Bio, Inc.",13.08,0.25,1.95%,"541,621",1.046M,971.11M,N/A,
RPTX,Repare Therapeutics Inc.,26.3,-0.73,-2.70%,"78,296","64,636",966.617M,N/A,
DYN,"Dyne Therapeutics, Inc.",21.1,0.42,2.03%,"575,009","311,975",958.425M,N/A,
RYTM,"Rhythm Pharmaceuticals, Inc.",21.59,0.42,1.98%,"242,594","297,110",952.521M,N/A,
NKTX,"Nkarta, Inc.",29,0.29,1.01%,"148,910","219,473",947.558M,N/A,
ATRA,"Atara Biotherapeutics, Inc.",12.67,-0.24,-1.86%,"764,227","780,443",954.731M,N/A,
ICPT,"Intercept Pharmaceuticals, Inc.",28.52,0.73,2.63%,"665,948","758,892",940.612M,N/A,
CNST,"Constellation Pharmaceuticals, Inc.",19.7,0.08,0.41%,"476,925","567,384",937.237M,N/A,
AKRO,"Akero Therapeutics, Inc.",26.99,0.44,1.66%,"159,233","180,150",936.575M,N/A,
ZLAB,Zai Lab Limited,81.94,-0.11,-0.13%,"229,294","369,681",913.566M,N/A,
ENTA,"Enanta Pharmaceuticals, Inc.",44.31,0.68,1.56%,"116,147","175,029",889.395M,372.35,
CERS,Cerus Corporation,5.35,0.1,1.90%,1.108M,1.428M,889.015M,N/A,
PTCHF,PureTech Health plc,3.3,-0.21,-5.98%,"6,257","8,297",884.568M,2.08,
ANNX,"Annexon, Inc.",23.01,2.2,10.57%,"129,733","212,278",877.788M,N/A,
ITOS,"iTeos Therapeutics, Inc.",24.9,2.13,9.35%,"161,342","178,496",872.615M,N/A,
NWBO,"Northwest Biotherapeutics, Inc.",1.1899,0.0799,7.20%,6.225M,7.762M,871.836M,N/A,
VCEL,Vericel Corporation,19.08,0.55,2.97%,"809,157","506,044",863.378M,N/A,
OXBDF,Oxford Biomedica plc,10.38,-0.12,-1.14%,"6,892","4,674",855.558M,N/A,
ARVN,"Arvinas, Inc.",21.87,0.96,4.59%,"569,454","406,589",858.124M,N/A,
KRYS,"Krystal Biotech, Inc.",43.04,0.05,0.12%,"103,091","127,849",846.343M,N/A,
ANAB,"AnaptysBio, Inc.",30,0.54,1.83%,"378,381","310,646",819.108M,N/A,
ARQT,"Arcutis Biotherapeutics, Inc.",18.72,0.9,5.05%,"190,154","218,649",815.992M,N/A,
NK,"NantKwest, Inc.",7.53,0.02,0.27%,"897,125",1.203M,813.014M,N/A,
ESPR,"Esperion Therapeutics, Inc.",28.99,-0.98,-3.27%,"714,616","579,989",825.226M,N/A,
ADAP,Adaptimmune Therapeutics plc,5.15,0.64,14.19%,1.456M,1.068M,796.247M,N/A,
MORF,"Morphic Holding, Inc.",25.66,-1.25,-4.65%,"98,690","54,904",786.684M,N/A,
TSHA,"Taysha Gene Therapies, Inc.",21,0.2,0.96%,"32,501","298,410",776.84M,N/A,
PASG,"Passage Bio, Inc.",17.01,0.2,1.19%,"149,848","201,760",773.727M,N/A,
PGEN,"Precigen, Inc.",4.17,-0.12,-2.80%,"574,805",1.192M,773.289M,N/A,
CDXS,"Codexis, Inc.",12.97,-0.34,-2.55%,"278,570","288,267",766.875M,N/A,
ALEC,"Alector, Inc.",9.66,0.25,2.66%,"775,735","928,195",765.673M,N/A,
OCUL,"Ocular Therapeutix, Inc.",10.61,1.11,11.68%,1.191M,1.082M,756.79M,N/A,
PLRX,"Pliant Therapeutics, Inc.",21.16,-0.46,-2.13%,"155,682","113,833",749.995M,N/A,
PRVB,"Provention Bio, Inc.",12.85,0.99,8.35%,"615,645","576,740",723.199M,N/A,
CLVLF,Clinuvel Pharmaceuticals Limited,15.05,0,0.00%,57,552,718.37M,76.37,
PTGX,"Protagonist Therapeutics, Inc.",19.5,0.55,2.90%,"241,691","347,049",717.744M,N/A,
RAPT,"RAPT Therapeutics, Inc.",29.16,0.42,1.46%,"122,196","213,500",713.513M,N/A,
FREQ,"Frequency Therapeutics, Inc.",21.11,-0.77,-3.52%,"134,857","155,861",710.265M,N/A,
TCRR,TCR2 Therapeutics Inc.,21.12,1.45,7.37%,"890,846","267,810",704.225M,N/A,
CLVLY,Clinuvel Pharmaceuticals Limited,14.12,-0.37,-2.57%,"3,047","5,655",699.93M,71.68,
AGEN,Agenus Inc.,3.74,0.05,1.36%,2.078M,2.578M,686.077M,N/A,
AKUS,"Akouos, Inc.",19.89,0.48,2.47%,"99,884","187,783",683.631M,N/A,
BCRX,"BioCryst Pharmaceuticals, Inc.",3.845,0.025,0.65%,2.998M,5.379M,678.896M,N/A,
CLLS,Cellectis S.A.,15.87,-0.04,-0.25%,"173,590","167,393",677.019M,N/A,
PSTX,"Poseida Therapeutics, Inc.",10.81,-0.7,-6.08%,"110,400","329,018",668.269M,N/A,
PHGUF,Pharming Group N.V.,1.07,0,0.00%,"2,450","2,460",713.126M,N/A,
SNDX,"Syndax Pharmaceuticals, Inc.",17.09,-0.32,-1.84%,"316,295","398,520",658.806M,N/A,
BSTC,BioSpecifics Technologies Corp.,88.18,0.08,0.09%,"207,259","88,126",647.679M,35.57,
INRLF,Valneva SE,7.3,0,0.00%,100,"3,466",692.176M,N/A,
OMER,Omeros Corporation,10.49,0.35,3.45%,"639,538",1.605M,644.279M,N/A,
ORIC,"ORIC Pharmaceuticals, Inc.",20.85,-0.65,-3.02%,"166,249","108,300",642.753M,N/A,
IMTX,Immatics N.V.,10.05,-0.33,-3.18%,"159,401","185,487",632.231M,N/A,
CLDX,"Celldex Therapeutics, Inc.",16.13,0.29,1.83%,"285,800","676,409",692.167M,N/A,
CMVLF,Cellectis S.A.,16.31,-1.76,-9.74%,100,44,612.618M,N/A,
GOSS,"Gossamer Bio, Inc.",8.48,0.18,2.17%,"538,162","730,383",610.466M,N/A,
FRLN,Freeline Therapeutics Holdings plc,17.46,0.15,0.87%,"9,906","129,690",606.642M,N/A,
INBX,"Inhibrx, Inc.",15.96,-1.08,-6.34%,"100,821","142,220",601.848M,N/A,
ALBO,"Albireo Pharma, Inc.",31.69,0.13,0.41%,"117,326","409,270",601.815M,N/A,
VNDA,Vanda Pharmaceuticals Inc.,10.96,0.27,2.53%,"458,596","591,727",599.421M,30.61,
CARA,"Cara Therapeutics, Inc.",12.72,-0.54,-4.07%,"356,580","396,635",596.4M,N/A,
VSBC,VitaSpring Biomedical Co. Ltd.,10.9,0,0.00%,100,19,594.159M,N/A,
AUTL,Autolus Therapeutics plc,11.28,0.47,4.35%,"79,767","102,200",589.385M,N/A,
OYST,"Oyster Point Pharma, Inc.",22.53,2.7,13.62%,"122,581","69,592",580.213M,N/A,
FHTX,Foghorn Therapeutics Inc.,15.95,-0.03,-0.19%,"164,906","708,714",569.332M,N/A,
KDMN,"Kadmon Holdings, Inc.",3.325,-0.075,-2.21%,1.969M,2.221M,569.031M,N/A,
ATHA,"Athira Pharma, Inc.",18.2,0.14,0.78%,"103,110","362,568",560.911M,N/A,
CBAY,"CymaBay Therapeutics, Inc.",8.11,-0.21,-2.52%,1.307M,2.794M,558.674M,N/A,
ODT,"Odonate Therapeutics, Inc.",14.42,0.01,0.07%,"193,095","463,824",555.539M,N/A,
ALGS,"Aligos Therapeutics, Inc.",15,0.06,0.40%,"146,445","460,075",553.353M,N/A,
HGEN,"Humanigen, Inc.",10.76,0.06,0.56%,"320,380","486,907",552.934M,N/A,
INZY,"Inozyme Pharma, Inc.",23.65,0.68,2.96%,"42,971","89,952",552.578M,N/A,
VXRT,"Vaxart, Inc.",4.98,0.06,1.22%,3.453M,18.328M,545.156M,N/A,
GERN,Geron Corporation,1.75,0.01,0.57%,1.84M,2.926M,543.317M,N/A,
VBIV,VBI Vaccines Inc.,2.35,0,0.00%,3.696M,9.763M,543.315M,N/A,
ISEE,"IVERIC bio, Inc.",6,0.08,1.35%,"772,232","881,916",537.017M,N/A,
FUSN,Fusion Pharmaceuticals Inc.,12.67,0.27,2.18%,"47,750","43,198",527.883M,N/A,
OPT,Opthea Limited,12.88,0.18,1.42%,"49,781","236,350",522.946M,N/A,
XBIT,XBiotech Inc.,17.84,0.73,4.27%,"201,407","159,158",517.167M,1.17,
SPPI,"Spectrum Pharmaceuticals, Inc.",3.49,0.06,1.75%,1.242M,2.638M,508.612M,N/A,
SIGA,"SIGA Technologies, Inc.",6.5,0.11,1.72%,"167,918","286,773",507.785M,103.17,
AVRO,"AVROBIO, Inc.",13.84,-0.44,-3.08%,"207,580","178,272",504.366M,N/A,
URGN,UroGen Pharma Ltd.,22.88,0.36,1.60%,"108,003","152,610",503.905M,N/A,
CRDF,"Cardiff Oncology, Inc.",15.89,0.07,0.44%,"699,388",2.18M,500.535M,N/A,
MGTX,MeiraGTx Holdings plc,13.29,0.51,3.99%,"77,349","92,527",496.553M,N/A,
ASMB,"Assembly Biosciences, Inc.",14.75,0.01,0.07%,"262,511","238,970",484.61M,N/A,
ZIOP,"ZIOPHARM Oncology, Inc.",2.26,0.17,8.13%,2.18M,1.599M,499.164M,N/A,
MLLCF,Molecular Partners AG,22.17,0.07,0.29%,"5,656","9,780",482.625M,N/A,
BCEL,"Atreca, Inc.",13.34,-0.02,-0.15%,"151,833","233,450",480.632M,N/A,
ETNB,"89bio, Inc.",23.29,0.13,0.56%,"239,627","166,918",474.508M,N/A,
AMAG,"AMAG Pharmaceuticals, Inc.",13.71,-0.01,-0.07%,1.39M,1.497M,473.031M,N/A,
SPRB,"Spruce Biosciences, Inc.",20.3,-1.59,-7.26%,"164,266","283,176",471.244M,N/A,
STRO,"Sutro Biopharma, Inc.",13.12,0.26,2.02%,"105,060","356,547",470.732M,N/A,
ANIK,"Anika Therapeutics, Inc.",33.12,0.5,1.53%,"85,369","109,149",470.549M,41.77,
FIXX,"Homology Medicines, Inc.",10.32,-0.25,-2.37%,"266,905","398,589",466.651M,N/A,
ARDX,"Ardelyx, Inc.",5.19,0.08,1.57%,"476,502","489,389",462.64M,N/A,
APRE,"Aprea Therapeutics, Inc.",21.65,-0.16,-0.73%,"126,328","101,564",458.694M,N/A,
MNKD,MannKind Corporation,2,-0.01,-0.50%,1.995M,2.243M,458.35M,N/A,
CVM,CEL-SCI Corporation,11.56,-0.47,-3.91%,"693,122","495,907",446.495M,N/A,
PRTA,Prothena Corporation plc,11.03,0.12,1.10%,"221,046","247,232",440.223M,N/A,
IVA,Inventiva S.A.,12.6,-0.3,-2.33%,"31,987","36,495",471.752M,N/A,
FBRX,"Forte Biosciences, Inc.",38.81,0.65,1.70%,"67,301","80,944",489.332M,N/A,
MTEM,"Molecular Templates, Inc.",8.7,-0.14,-1.58%,"150,617","306,798",434.298M,N/A,
CLVS,"Clovis Oncology, Inc.",4.875,-0.055,-1.12%,2.903M,4.723M,429.99M,N/A,
BYSI,BeyondSpring Inc.,14.04,-0.7,-4.75%,"78,918","110,086",428.122M,N/A,
GTHX,"G1 Therapeutics, Inc.",11.21,0.22,2.00%,"606,009","747,672",426.144M,N/A,
RIGL,"Rigel Pharmaceuticals, Inc.",2.5,0.02,0.81%,1.403M,2.94M,422.322M,N/A,
TLSA,Tiziana Life Sciences PLC,4.04,0.22,5.76%,"119,098","452,283",389.845M,N/A,
MIRM,"Mirum Pharmaceuticals, Inc.",16.47,0.72,4.57%,"65,940","71,560",418.323M,N/A,
TARS,"Tarsus Pharmaceuticals, Inc.",21.62,1.18,5.77%,"24,064","197,891",416.38M,N/A,
TRVN,"Trevena, Inc.",2.69,0.07,2.67%,6.246M,11.346M,412.565M,N/A,
DVAX,Dynavax Technologies Corporation,3.76,0.03,0.80%,1.186M,3.831M,411.765M,N/A,
CDMO,"Avid Bioservices, Inc.",7.26,0.01,0.14%,"248,879","338,696",410.936M,N/A,
VKTX,"Viking Therapeutics, Inc.",5.59,-0.04,-0.71%,"870,053",1.221M,407.802M,N/A,
SPHRF,Starpharma Holdings Limited,1.03,0,0.00%,"1,000","2,970",381.643M,N/A,
CRNX,"Crinetics Pharmaceuticals, Inc.",12.35,0.27,2.24%,"206,228","113,130",406.112M,N/A,
MRNS,"Marinus Pharmaceuticals, Inc.",13.19,0.15,1.15%,"405,464",1.36M,403.25M,N/A,
APTO,Aptose Biosciences Inc.,4.55,0.06,1.34%,"635,388","906,823",398.91M,N/A,
VYGR,"Voyager Therapeutics, Inc.",10.65,0.02,0.19%,"100,992","217,732",398.64M,N/A,
KALA,"Kala Pharmaceuticals, Inc.",7.11,0.51,7.73%,1.893M,1.299M,398.586M,N/A,
TIZAF,Tiziana Life Sciences PLC,2.0502,0,0.00%,"15,000",N/A,390.809M,N/A,
APLT,"Applied Therapeutics, Inc.",17.63,1.36,8.36%,"149,851","146,701",395.536M,N/A,
SPHRY,Starpharma Holdings Limited,9.81,-0.38,-3.78%,"2,460","3,121",381.643M,N/A,
ORTX,Orchard Therapeutics plc,3.98,-0.06,-1.49%,"815,569",1.04M,409.462M,N/A,
RUBY,"Rubius Therapeutics, Inc.",4.66,0.43,10.17%,"145,697","188,858",376.376M,N/A,
SLNCF,Silence Therapeutics plc,4.425,-0.135,-2.96%,180,960,374.213M,N/A,
HARP,"Harpoon Therapeutics, Inc.",14.88,0.41,2.83%,"85,069","320,166",374.11M,N/A,
ONCR,"Oncorus, Inc.",17.11,0.5,3.01%,"37,172","127,350",373.783M,N/A,
ALT,"Altimmune, Inc.",11.35,-0.1,-0.87%,"468,077",1.589M,373.549M,N/A,
GLTO,"Galecto, Inc.",15,0,0.00%,"100,461","550,833",368.779M,N/A,
XENE,Xenon Pharmaceuticals Inc.,10.33,0.61,6.28%,"159,238","102,127",373.334M,N/A,
ATHX,"Athersys, Inc.",1.83,0.08,4.57%,1.365M,1.807M,361.249M,N/A,
IDYA,"IDEAYA Biosciences, Inc.",12.44,0.27,2.22%,"74,024","169,955",361.115M,N/A,
BCYC,Bicycle Therapeutics plc,18.3,-0.21,-1.13%,"50,146","71,989",352.905M,N/A,
PAND,"Pandion Therapeutics, Inc.",11.89,0.08,0.68%,"45,852","132,573",352.271M,N/A,
PRVL,Prevail Therapeutics Inc.,10.19,0.4,4.09%,"201,152","167,573",348.65M,N/A,
CBMG,"Cellular Biomedicine Group, Inc.",17.84,-0.17,-0.94%,"37,893","123,296",346.685M,N/A,
SQZ,SQZ Biotechnologies Company,14.5,1.25,9.43%,"430,842","637,300",347.597M,N/A,
AVXL,Anavex Life Sciences Corp.,5.71,-0.19,-3.22%,"829,583","962,755",343.688M,N/A,
OSMT,Osmotica Pharmaceuticals plc,5.36,0.23,4.48%,"622,241","331,200",341.878M,N/A,
SPRO,"Spero Therapeutics, Inc.",13.1,-0.01,-0.08%,"180,843","351,592",340.208M,N/A,
WVE,Wave Life Sciences Ltd.,6.99,-0.08,-1.13%,"711,957",1.216M,338.775M,N/A,
BCLI,Brainstorm Cell Therapeutics Inc.,10.62,0.59,5.88%,"516,960","593,678",335.248M,N/A,
CUE,"Cue Biopharma, Inc.",11.33,0.19,1.71%,"283,608","268,078",334.194M,N/A,
MRUS,Merus N.V.,11.4,-0.78,-6.40%,"14,414","69,924",331.251M,N/A,
AKBA,"Akebia Therapeutics, Inc.",2.31,0.09,4.05%,5.853M,7.457M,331.062M,N/A,
AGLE,"Aeglea BioTherapeutics, Inc.",7.4,-0.28,-3.65%,"85,535","320,300",330.039M,N/A,
SYGGF,Synairgen plc,2.0401,-0.0899,-4.22%,"10,502",N/A,328.64M,N/A,
ACIU,AC Immune SA,4.58,-0.24,-4.98%,"262,686","399,380",328.575M,N/A,
BDSI,"BioDelivery Sciences International, Inc.",3.22,0.06,1.90%,"610,268",1.155M,325.007M,51.94,
ORPH,Orphazyme A/S,9.11,-0.16,-1.73%,"87,586","220,568",328.119M,N/A,
DTIL,"Precision BioSciences, Inc.",6.15,-0.16,-2.54%,"351,047","646,801",321.921M,N/A,
SURF,"Surface Oncology, Inc.",8.06,-0.32,-3.82%,"522,367",1.027M,321.643M,N/A,
SELB,"Selecta Biosciences, Inc.",2.98,0.02,0.68%,1.635M,2.556M,319.286M,N/A,
SYRS,"Syros Pharmaceuticals, Inc.",6.9,0.23,3.45%,"583,675","450,595",315.759M,N/A,
IPHYF,Innate Pharma S.A.,3.7,0,0.00%,200,390,325.41M,N/A,
OVID,Ovid Therapeutics Inc.,4.94,-0.17,-3.33%,"534,580","954,515",312.865M,N/A,
ASCLF,Ascletis Pharma Inc.,0.3,-0.08,-21.05%,100,415,396.081M,N/A,
PBYI,"Puma Biotechnology, Inc.",7.78,-0.59,-7.05%,"800,073","692,672",308.686M,N/A,
VRNA,Verona Pharma plc,5.73,-0.14,-2.39%,"115,765","145,833",307.541M,N/A,
CPRX,"Catalyst Pharmaceuticals, Inc.",2.97,0,0.00%,1.003M,1.885M,318.883M,7.63,
IMUX,"Immunic, Inc.",14.8,-1.04,-6.57%,"544,848","627,318",306.631M,N/A,
IPHA,Innate Pharma S.A.,4.1317,-0.2583,-5.88%,"51,343","14,169",325.41M,N/A,
MGTA,"Magenta Therapeutics, Inc.",6.28,-0.03,-0.48%,"131,975","217,035",303.027M,N/A,
CTMX,"CytomX Therapeutics, Inc.",6.55,-0.07,-0.98%,"422,256","414,755",302.79M,N/A,
KALV,"KalVista Pharmaceuticals, Inc.",16.86,-0.35,-2.03%,"147,043","75,326",301.922M,N/A,
MEIP,"MEI Pharma, Inc.",2.67,0.07,2.69%,"618,078","828,184",300.434M,N/A,
LRMR,"Larimar Therapeutics, Inc.",19.48,0.68,3.62%,"44,995","33,789",299.139M,N/A,
IBIO,"iBio, Inc.",1.65,-0.09,-5.17%,3.912M,19.192M,297.475M,N/A,
GRAY,"Graybug Vision, Inc.",14.7,1.54,11.70%,"123,475","197,948",295.369M,N/A,
TFFP,"TFF Pharmaceuticals, Inc.",13.57,0.83,6.51%,"163,648","456,729",295.331M,N/A,
RCAR,"RenovaCare, Inc.",3.38,-0.11,-3.15%,"29,864","22,413",295.251M,N/A,
HOFBF,Hofseth BioCare ASA,0.88,0,0.00%,"16,477",894,296.148M,N/A,
CNCE,"Concert Pharmaceuticals, Inc.",9.77,-0.55,-5.33%,"142,265","127,030",289.955M,N/A,
RFL,"Rafael Holdings, Inc.",17.19,0.79,4.82%,"17,754","18,967",271.913M,N/A,
IMRA,IMARA Inc.,16.45,0.64,4.05%,"5,191","56,861",284.991M,N/A,
VYNE,VYNE Therapeutics Inc.,1.67,0.07,4.37%,1.041M,2.079M,280.044M,N/A,
CABA,"Cabaletta Bio, Inc.",11.45,-0.12,-1.04%,"56,331","79,426",275.253M,N/A,
AFMD,Affimed N.V.,3.24,0.08,2.53%,"722,435","870,718",273.758M,N/A,
CDXC,ChromaDex Corporation,4.44,-0.07,-1.55%,"245,164","341,833",273.612M,N/A,
NXTC,"NextCure, Inc.",9.9,0.24,2.48%,"137,447","478,346",272.773M,N/A,
AAVXF,ABIVAX Société Anonyme,21.5,0,0.00%,"6,490",711,303.41M,N/A,
XOMA,XOMA Corporation,24.03,-0.78,-3.14%,"22,380","33,167",264.765M,N/A,
EIGR,"Eiger BioPharmaceuticals, Inc.",8.95,0.07,0.79%,"300,854","493,063",261.725M,N/A,
FULC,"Fulcrum Therapeutics, Inc.",9.27,-0.59,-5.98%,"340,971","251,003",254.487M,N/A,
CASI,"CASI Pharmaceuticals, Inc.",2.04,-0.31,-13.19%,1.051M,"458,800",252.846M,N/A,
GMDA,Gamida Cell Ltd.,5.11,0.03,0.59%,"272,272","249,135",252.801M,N/A,
ALDX,"Aldeyra Therapeutics, Inc.",6.53,-0.15,-2.25%,"384,066","641,041",252.274M,N/A,
HOOK,HOOKIPA Pharma Inc.,9.82,0.42,4.47%,"55,177","56,050",251.926M,N/A,
CMPI,"Checkmate Pharmaceuticals, Inc.",11.66,0.17,1.48%,"5,623","87,424",251.233M,N/A,
MNOV,"MediciNova, Inc.",5.49,-0.1,-1.79%,"109,919","513,953",246.653M,N/A,
CALA,"Calithera Biosciences, Inc.",3.49,-0.05,-1.41%,"422,278","553,507",246.25M,N/A,
PDLI,"PDL BioPharma, Inc.",2.15,0,0.00%,"891,869",1.071M,245.061M,N/A,
CTIC,CTI BioPharma Corp.,3.27,0.02,0.62%,"464,782",3.347M,241.054M,N/A,
ACBM,"Acro Biomedical Co., Ltd.",5,0,0.00%,60,181,238.8M,N/A,
PSTI,Pluristem Therapeutics Inc.,9.26,-0.01,-0.11%,"153,102","395,876",236.637M,N/A,
SCPH,scPharmaceuticals Inc.,8.6,-0.02,-0.23%,"22,238","56,733",234.952M,N/A,
NCNA,NuCana plc,4.59,-0.14,-2.96%,"220,526","241,489",234.891M,N/A,
JNCE,"Jounce Therapeutics, Inc.",6.82,-1.5,-18.03%,1.901M,1.24M,233.344M,10.86,
ABUS,Arbutus Biopharma Corporation,2.76,-0.06,-2.13%,1.024M,2.554M,232.042M,N/A,
UROV,Urovant Sciences Ltd.,7.43,0.04,0.54%,"48,245","79,170",231.681M,N/A,
MTCR,"Metacrine, Inc.",8.7,-0.4,-4.40%,"13,432","212,400",225.517M,N/A,
KZR,"Kezar Life Sciences, Inc.",4.86,-0.26,-5.08%,"142,223","191,690",224.806M,N/A,
MMEDF,Mind Medicine (MindMed) Inc.,0.797,0.0237,3.06%,1.924M,2.328M,223.767M,N/A,
SAVA,"Cassava Sciences, Inc.",8.93,0.72,8.77%,1.548M,7.109M,222.529M,N/A,
CHMA,"Chiasma, Inc.",3.73,-0.02,-0.53%,"356,649","531,375",215.603M,N/A,
CDMOP,"Avid Bioservices, Inc.",25.74,0.45,1.78%,"5,273","2,526",210.637M,N/A,
PRQR,ProQR Therapeutics N.V.,4.2,0.51,13.82%,"287,924","166,192",210.599M,N/A,
IMV,IMV Inc.,3.17,0.02,0.63%,"129,276","454,333",210.582M,N/A,
UBX,"Unity Biotechnology, Inc.",4.03,0.16,4.13%,"391,604",1.666M,209.721M,N/A,
PRTK,"Paratek Pharmaceuticals, Inc.",4.58,-0.19,-3.98%,"254,632","539,470",217.795M,N/A,
VSTM,"Verastem, Inc.",1.22,0.02,1.67%,1.272M,3.452M,206.829M,N/A,
XERS,"Xeris Pharmaceuticals, Inc.",4.44,-0.29,-6.13%,1.326M,3.354M,205.49M,N/A,
KLDO,"Kaleido Biosciences, Inc.",5.77,-0.34,-5.56%,"161,091","278,516",205.104M,N/A,
ACET,"Adicet Bio, Inc.",10.36,-0.36,-3.36%,"70,686","114,540",202.95M,N/A,
TCCR,"TRICCAR, Inc.",1,0,0.00%,350,234,200M,N/A,
GRTX,"Galera Therapeutics, Inc.",8.02,-0.17,-2.08%,"54,921","71,104",199.554M,N/A,
PROG,"Progenity, Inc.",4.27,-0.72,-14.43%,"202,333","71,452",198.76M,N/A,
FBIO,"Fortress Biotech, Inc.",2.22,0.02,0.91%,"652,616",1.657M,204.143M,N/A,
DBVT,DBV Technologies S.A.,1.76,0.33,23.08%,74.648M,1.738M,239.316M,N/A,
DYAI,"Dyadic International, Inc.",7.04,-0.1,-1.40%,"74,212","115,153",193.475M,N/A,
EVFM,"Evofem Biosciences, Inc.",2.38,0.01,0.42%,1.082M,4.358M,193.447M,N/A,
VRCA,Verrica Pharmaceuticals Inc.,7.49,0.08,1.08%,"44,832","181,915",193.351M,N/A,
FRPRF,4D pharma plc,1.55,0,0.00%,"45,000",N/A,191.995M,N/A,
TLC,"Taiwan Liposome Company, Ltd.",4.63,0.13,2.89%,"11,320","298,804",191.155M,N/A,
RVXCF,Resverlogix Corp.,0.8534,0.0834,10.83%,"5,115","22,646",188.622M,1.68,
MDNA,Medicenna Therapeutics Corp.,3.88,0.15,4.02%,"57,098","70,622",187.605M,N/A,
TARA,"Protara Therapeutics, Inc.",17.84,-0.1,-0.56%,"56,935","79,843",187.547M,N/A,
HTBX,"Heat Biologics, Inc.",1.19,-0.01,-0.83%,4.493M,11.735M,186.805M,N/A,
FENC,Fennec Pharmaceuticals Inc.,7.33,-0.23,-3.04%,"102,276","377,433",185.603M,N/A,
SLGL,Sol-Gel Technologies Ltd.,8.06,-0.01,-0.12%,"30,018","23,610",185.355M,N/A,
BLU,BELLUS Health Inc.,2.34,0.03,1.30%,"468,300",1.1M,180.467M,N/A,
EVLO,"Evelo Biosciences, Inc.",3.91,-0.06,-1.51%,"137,245","144,172",180.394M,N/A,
ADMA,"ADMA Biologics, Inc.",2.08,0.09,4.52%,1.018M,5.195M,179.608M,N/A,
LOGC,"LogicBio Therapeutics, Inc.",5.65,0.13,2.36%,"120,023","177,224",179.319M,N/A,
EPIX,ESSA Pharma Inc.,6.09,-0.01,-0.16%,"241,997","120,821",178.395M,N/A,
ALPN,"Alpine Immune Sciences, Inc.",7.45,-0.05,-0.67%,"24,253","53,269",177.197M,N/A,
NBSE,"NeuBase Therapeutics, Inc.",7.6,-0.24,-3.00%,"184,271","180,096",175.73M,N/A,
ELVAF,Evolva Holding SA,0.215,0,0.00%,500,"32,304",171.43M,N/A,
LCTX,"Lineage Cell Therapeutics, Inc.",1.15,0.05,4.55%,"374,203","758,678",172.478M,N/A,
PYPD,PolyPid Ltd.,10.26,-0.16,-1.54%,"10,885","25,356",174.896M,N/A,
IUGNF,Imugene Limited,0.038,0,0.00%,"15,000","90,007",174.42M,N/A,
VERU,Veru Inc.,2.47,-0.05,-1.98%,"280,240","423,970",172.563M,N/A,
FPRX,"Five Prime Therapeutics, Inc.",4.64,0.08,1.75%,"154,156","332,890",169.953M,N/A,
OTIC,"Otonomy, Inc.",3.48,-0.1,-2.79%,"99,860","344,255",167.831M,N/A,
ETON,"Eton Pharmaceuticals, Inc.",7.02,-0.27,-3.70%,"197,526","597,235",166.767M,N/A,
MIST,Milestone Pharmaceuticals Inc.,5.8,0.04,0.69%,"132,547","371,343",165.417M,N/A,
AXLA,Axcella Health Inc.,4.51,0.27,6.37%,"104,234","189,220",164.376M,N/A,
CMRX,"Chimerix, Inc.",2.64,-0.03,-1.12%,"229,421","430,636",173.944M,N/A,
MTNB,"Matinas BioPharma Holdings, Inc.",0.82,0.014,1.74%,1.006M,2.028M,163.138M,N/A,
MREO,Mereo BioPharma Group plc,2.43,0.03,1.25%,"66,733","232,230",162.391M,N/A,
CDAK,"Codiak BioSciences, Inc.",8.71,0.09,1.04%,"183,224","409,557",161.955M,N/A,
AQST,"Aquestive Therapeutics, Inc.",4.8,-0.04,-0.83%,"364,851",1.112M,161.375M,N/A,
ACRS,"Aclaris Therapeutics, Inc.",3.75,-0.09,-2.34%,"180,672","475,370",160.666M,N/A,
MBIO,"Mustang Bio, Inc.",2.75,0.085,3.19%,"654,509",1.551M,155.578M,N/A,
CRMD,CorMedix Inc.,5,-0.05,-0.99%,"184,752","469,286",156.193M,N/A,
GNFT,Genfit SA,3.96,0.17,4.49%,"21,189","60,750",150.274M,N/A,
ENLV,Enlivex Therapeutics Ltd.,11.43,0.39,3.53%,"91,406",1.074M,153.891M,N/A,
CERC,Cerecor Inc.,2.02,-0.04,-1.94%,"136,638","400,850",160.131M,N/A,
NYMX,Nymox Pharmaceutical Corporation,2.01,0.09,4.69%,"76,118","148,901",153.478M,N/A,
BFRA,Biofrontera AG,6.37,0.01,0.16%,"30,653","774,567",154.086M,N/A,
CKPT,"Checkpoint Therapeutics, Inc.",2.26,0.07,3.20%,"262,441",1.039M,152.587M,N/A,
SRRA,"Sierra Oncology, Inc.",14.58,0.87,6.35%,"48,168","23,567",151.569M,N/A,
ENOB,"Enochian Biosciences, Inc.",3.16,0.11,3.61%,"27,036","82,500",147.373M,N/A,
GALT,"Galectin Therapeutics, Inc.",2.57,0.03,1.18%,"105,348","309,843",146.688M,N/A,
RZLTD,"Rezolute, Inc.",17.5,-6,-25.53%,"6,107","7,127",146.151M,N/A,
CFRX,ContraFect Corporation,5.25,-0.4,-7.08%,"158,774","192,196",145.999M,N/A,
AYLA,"Ayala Pharmaceuticals, Inc.",11.25,-0.29,-2.51%,"7,602","8,598",143.767M,N/A,
PHGE,BiomX Inc.,6.15,0.15,2.50%,"6,408","17,447",142.348M,N/A,
GNFTF,Genfit SA,3.85,0,0.00%,50,227,150.274M,N/A,
LYRA,"Lyra Therapeutics, Inc.",10.95,0.25,2.34%,"11,910","32,212",141.524M,N/A,
AVEO,"AVEO Pharmaceuticals, Inc.",5.47,0.04,0.74%,"144,568","411,136",141.171M,N/A,
CBIXF,"Carna Biosciences, Inc.",10.75,0,0.00%,"1,000",15,137.298M,N/A,
AGTC,Applied Genetic Technologies Corporation,5.15,-0.01,-0.19%,"111,457","256,481",133.168M,N/A,
ATNM,"Actinium Pharmaceuticals, Inc.",9.76,-0.2,-2.01%,"232,345","433,932",132.604M,N/A,
XCUR,"Exicure, Inc.",1.52,0.02,1.33%,"175,555","173,523",132.587M,N/A,
PIRS,"Pieris Pharmaceuticals, Inc.",2.53,0.02,0.80%,"502,397","462,501",132.568M,N/A,
TRGNF,Transgene SA,1.53,0,0.00%,305,65,141.524M,N/A,
AMPE,"Ampio Pharmaceuticals, Inc.",0.7452,-0.0198,-2.59%,1.029M,3.093M,131.559M,N/A,
GLYC,"GlycoMimetics, Inc.",2.71,-0.09,-3.21%,"249,743","278,612",129.334M,N/A,
EQ,"Equillium, Inc.",5.28,-1.07,-16.85%,1.855M,"781,200",128.111M,N/A,
NERV,"Minerva Neurosciences, Inc.",3.1,-0.11,-3.43%,"515,749","673,703",127.735M,N/A,
SBBP,Strongbridge Biopharma plc,1.95,0,0.00%,"649,047","603,721",127.661M,N/A,
BPSR,"Organicell Regenerative Medicine, Inc.",0.1449,-0.0192,-11.68%,"608,194",1.177M,126.772M,N/A,
COGT,"Cogent Biosciences, Inc.",2.98,-0.1,-3.25%,2.922M,"685,745",126.559M,N/A,
LQDA,"Liquidia Technologies, Inc.",3.34,-1.28,-27.71%,4.53M,"679,955",126.086M,N/A,
IPATF,ImmunoPrecise Antibodies Ltd.,1.5718,0.0118,0.76%,"33,239","141,613",126.514M,N/A,
VTVT,vTv Therapeutics Inc.,1.73,0.03,1.76%,2.148M,"407,406",122.922M,N/A,
GNCA,"Genocea Biosciences, Inc.",2.39,0.31,14.90%,"798,848","503,410",122.739M,N/A,
CBIO,"Catalyst Biosciences, Inc.",5.54,0.06,1.09%,"137,322","247,160",122.229M,N/A,
GNPX,"Genprex, Inc.",3.09,-0.16,-4.92%,"527,932","916,969",120.11M,N/A,
SESN,"Sesen Bio, Inc.",1.02,0,0.00%,"763,746",2.208M,127.565M,N/A,
AYTU,"Aytu BioScience, Inc.",0.945,-0.0053,-0.56%,1.946M,3.494M,118.916M,N/A,
LUMO,"Lumos Pharma, Inc.",14.1,-0.3,-2.08%,"2,949","18,412",116.936M,N/A,
CYAD,Celyad Oncology SA,8,0.93,13.15%,"10,063","6,752",110.622M,N/A,
LPTX,"Leap Therapeutics, Inc.",1.9,-0.05,-2.56%,"217,352","456,761",113.35M,N/A,
IFRX,InflaRx N.V.,4.01,0.19,4.97%,"98,101","386,038",113.196M,N/A,
LXRX,"Lexicon Pharmaceuticals, Inc.",1.05,-0.06,-5.41%,"958,019","912,270",112.461M,2.85,
BIVI,BioVie Inc.,8,0.03,0.38%,"8,055","55,250",111.33M,N/A,
IMNM,"Immunome, Inc.",10.98,-0.42,-3.68%,"17,997","63,763",110.158M,N/A,
ORGS,Orgenesis Inc.,4.56,0.03,0.66%,"17,176","44,775",110.152M,1.99,
TYME,"Tyme Technologies, Inc.",0.8679,-0.0002,-0.02%,"250,676",1.308M,110.121M,N/A,
CRVS,"Corvus Pharmaceuticals, Inc.",3.9,-0.06,-1.52%,"154,665","911,247",109.339M,N/A,
PTGEF,Portage Biotech Inc.,9,-0.5,-5.26%,"1,350","2,543",108.751M,N/A,
ERYP,ERYTECH Pharma S.A.,5.74,0.72,14.34%,366,"4,526",110M,N/A,
LMNL,Liminal BioSciences Inc.,4.56,-0.04,-0.87%,"180,566","144,122",107.744M,N/A,
CSBR,"Champions Oncology, Inc.",8.39,-0.39,-4.44%,"21,109","22,284",106.787M,N/A,
CDTX,"Cidara Therapeutics, Inc.",2.48,-0.13,-4.98%,"487,891","174,373",106.539M,N/A,
XYNO,"Xynomic Pharmaceuticals Holdings, Inc.",2.3,0,0.00%,70,"1,900",106.43M,N/A,
PLX,"Protalix BioTherapeutics, Inc.",3.17,-0.1,-3.06%,"60,351","121,686",105.677M,N/A,
OBSV,ObsEva SA,1.93,0.04,2.12%,"594,678","469,118",103.233M,N/A,
IDRA,"Idera Pharmaceuticals, Inc.",2.92,0.17,6.18%,"215,246","220,041",102.782M,N/A,
GRTS,"Gritstone Oncology, Inc.",2.72,-0.01,-0.37%,"110,555","345,287",102.678M,N/A,
EVGN,Evogene Ltd.,2.89,0.17,6.25%,"570,981","910,980",101.619M,N/A,
INMB,"INmune Bio, Inc.",7.51,-0.15,-1.96%,"88,647","218,620",100.994M,N/A,
OCX,OncoCyte Corporation,1.47,-0.01,-0.68%,"373,645",1.23M,98.858M,N/A,
APTX,Aptinyx Inc.,2.95,0.02,0.68%,"883,562",1.293M,186.034M,N/A,
MDGEF,Medigene AG,3.99,0,0.00%,"1,719",108,96.363M,N/A,
ATBPF,Antibe Therapeutics Inc.,0.2525,0.0005,0.20%,"13,972","156,075",98.645M,N/A,
WINT,"Windtree Therapeutics, Inc.",5.84,-0.42,-6.71%,"10,081","55,790",98.617M,N/A,
XFOR,"X4 Pharmaceuticals, Inc.",5.98,0.24,4.18%,"49,064","89,149",97.394M,N/A,
ELOX,"Eloxx Pharmaceuticals, Inc.",2.42,-0.11,-4.35%,"34,259","51,024",97.133M,N/A,
OTLK,"Outlook Therapeutics, Inc.",0.759,-0.021,-2.69%,"294,882",2.034M,96.532M,N/A,
LJPC,La Jolla Pharmaceutical Company,3.5,0.1,2.94%,"267,287","410,116",95.767M,N/A,
LTRN,Lantern Pharma Inc.,15.2,0.1,0.66%,"11,345","47,655",94.507M,N/A,
FBIOP,"Fortress Biotech, Inc.",17.56,0.06,0.32%,"12,611","29,860",94.24M,N/A,
NMTR,"9 Meters Biopharma, Inc.",0.6486,-0.0016,-0.25%,"877,580",6.378M,92.38M,N/A,
MDWD,MediWound Ltd.,3.39,0.27,8.65%,"54,393","92,152",92.246M,N/A,
AXGT,Axovant Gene Therapies Ltd.,1.92,-0.21,-9.86%,3.863M,1.676M,90.719M,N/A,
IMMP,Immutep Limited,1.72,0.01,0.58%,"105,228","388,604",90.712M,N/A,
PTN,"Palatin Technologies, Inc.",0.3884,-0.0013,-0.33%,"898,315",1.149M,89.276M,N/A,
ONCY,Oncolytics Biotech Inc.,2.14,0.05,2.39%,"434,528","466,820",89.075M,N/A,
QLGN,"Qualigen Therapeutics, Inc.",3.9,0.06,1.56%,"327,081",1.083M,87.867M,N/A,
ABEO,Abeona Therapeutics Inc.,1.03,-0.04,-3.74%,1.393M,1.745M,87.321M,N/A,
ONCS,OncoSec Medical Incorporated,3.77,-0.02,-0.53%,"78,161","257,818",86.915M,N/A,
NRBO,"NeuroBo Pharmaceuticals, Inc.",5.17,0.15,2.99%,"28,971","22,446",84.929M,N/A,
CRBP,"Corbus Pharmaceuticals Holdings, Inc.",1.02,0.0803,8.55%,1.919M,4.958M,83.346M,N/A,
PHAS,"PhaseBio Pharmaceuticals, Inc.",2.84,0.11,4.03%,"200,270","268,792",83.334M,N/A,
IPIX,Innovation Pharmaceuticals Inc.,0.2397,0.0258,12.04%,3.677M,1.561M,84.077M,N/A,
NTRB,Nutriband Inc.,13.5,0,0.00%,45,265,82.707M,N/A,
DMAC,DiaMedica Therapeutics Inc.,4.4,0.01,0.23%,"26,248","58,480",82.452M,N/A,
BLPH,"Bellerophon Therapeutics, Inc.",8.64,0.21,2.49%,"44,959","51,500",82.061M,N/A,
EYEN,"Eyenovia, Inc.",3.27,-0.03,-0.91%,"126,267",1.204M,81.207M,N/A,
CYCN,"Cyclerion Therapeutics, Inc.",2.38,0.04,1.71%,"230,373","520,075",80.73M,N/A,
EMMLF,OKYO Pharma Limited,0.14,-0.009,-6.04%,"15,000",N/A,80.03M,N/A,
AIM,AIM ImmunoTech Inc.,1.98,-0.09,-4.35%,"683,236",3.103M,78.586M,N/A,
LPCN,Lipocine Inc.,1.2,0,0.00%,"616,974",3.632M,78.822M,N/A,
CAPR,"Capricor Therapeutics, Inc.",3.98,0.12,3.11%,"199,559",1.365M,78.502M,N/A,
ABVC,American BriVision (Holding) Corporation,4,0.1,2.56%,150,863,78.153M,N/A,
TNXP,Tonix Pharmaceuticals Holding Corp.,0.58,0.0181,3.22%,4.243M,7.386M,75.909M,N/A,
ARAV,"Aravive, Inc.",4.71,0.08,1.73%,"79,018","189,346",75.726M,N/A,
ACHFF,Arch Biopartners Inc.,1.22,0.005,0.41%,"2,500","3,955",73.356M,N/A,
KTOV,Kitov Pharma Ltd,3.95,-0.19,-4.59%,"773,776","726,612",71.615M,N/A,
APM,Aptorum Group Limited,2.1,0,0.00%,"227,355",1.635M,71.425M,N/A,
KRBP,"Kiromic BioPharma, Inc.",9.63,-0.08,-0.84%,"1,859","66,275",70.605M,N/A,
NBRV,Nabriva Therapeutics plc,0.489,-0.0065,-1.31%,1.545M,1.729M,70.394M,N/A,
MRZM,"Marizyme, Inc.",2,0,0.00%,15,"1,681",69.716M,N/A,
MITO,Stealth BioTherapeutics Corp,1.38,0.1,7.81%,"83,552","88,998",68.443M,N/A,
RGRX,"RegeneRx Biopharmaceuticals, Inc.",0.51,-0.0443,-7.99%,"41,473","99,727",66.882M,N/A,
SIGY,"Sigyn Therapeutics, Inc.",1.97,0.17,9.44%,680,N/A,67.347M,N/A,
LIXT,"Lixte Biotechnology Holdings, Inc.",1,-0.12,-10.71%,"8,218","1,860",67.046M,N/A,
BXPHF,Botanix Pharmaceuticals Limited,0.08,0,0.00%,"15,000","3,791",66.397M,N/A,
GLMD,Galmed Pharmaceuticals Ltd.,3.13,0.02,0.64%,"71,612","73,884",66.084M,N/A,
APLIF,Appili Therapeutics Inc.,1.055,-0.025,-2.31%,"1,370",N/A,65.978M,N/A,
MGEN,"Miragen Therapeutics, Inc.",1.14,-0.17,-12.98%,3.142M,5.831M,64.536M,N/A,
CLSD,"Clearside Biomedical, Inc.",1.39,0.04,2.96%,"214,358","232,736",64.416M,N/A,
INFI,"Infinity Pharmaceuticals, Inc.",1.09,0.04,3.81%,"156,248","536,807",64.169M,N/A,
TCON,"TRACON Pharmaceuticals, Inc.",4.82,0.18,3.88%,"153,211",1.584M,63.541M,N/A,
MRKR,"Marker Therapeutics, Inc.",1.36,0,0.00%,"89,725","207,056",63.4M,N/A,
SYBX,"Synlogic, Inc.",1.85,-0.01,-0.54%,"169,901","181,763",63.207M,N/A,
AXIM,"AXIM Biotechnologies, Inc.",0.48,0.0302,6.71%,"109,587","218,550",62.923M,N/A,
STSA,"Satsuma Pharmaceuticals, Inc.",3.61,0.05,1.40%,"259,339",2.378M,62.847M,N/A,
ORMP,Oramed Pharmaceuticals Inc.,2.64,0.11,4.35%,"33,058","132,409",62.111M,N/A,
AGE,"AgeX Therapeutics, Inc.",1.65,0.06,3.77%,"192,027",5.767M,62.184M,N/A,
CRIS,"Curis, Inc.",1.14,-0.01,-0.87%,"494,238","661,701",63.252M,N/A,
NOVN,"Novan, Inc.",0.4435,-0.0165,-3.59%,2.852M,9.777M,60.967M,N/A,
TRVI,"Trevi Therapeutics, Inc.",3.33,0.11,3.42%,"4,379","82,343",60.74M,N/A,
ZIVO,"ZIVO Bioscience, Inc.",0.1488,0.0003,0.24%,"56,644","56,341",60.569M,N/A,
NAVB,"Navidea Biopharmaceuticals, Inc.",2.32,0.05,2.20%,"28,936","213,890",57.107M,N/A,
BNOEF,Bionomics Limited,0.06,0,0.00%,"12,692","6,062",59.502M,N/A,
ASLN,ASLAN Pharmaceuticals Limited,1.56,-0.08,-4.88%,"133,483","222,589",59.266M,N/A,
ARMP,Armata Pharmaceuticals Inc.,3.16,0.04,1.28%,"6,865","14,418",58.994M,N/A,
ETTX,Entasis Therapeutics Holdings Inc.,1.65,0.04,2.48%,"334,416","425,073",58.534M,N/A,
SVRA,Savara Inc.,1.08,0.04,3.85%,"147,401","235,727",58.459M,N/A,
EDSA,"Edesa Biotech, Inc.",6.04,0,0.00%,"42,301","302,055",58.038M,N/A,
PRED,"Predictive Technology Group, Inc.",0.19,-0.01,-5.00%,"151,094","133,924",56.885M,N/A,
ARDS,"Aridis Pharmaceuticals, Inc.",6.33,0.08,1.28%,"5,424","12,035",56.485M,N/A,
ZLDAF,Zelira Therapeutics Limited,0.0536,-0.0064,-10.67%,"82,782","106,968",55.887M,N/A,
VBLT,Vascular Biogenics Ltd.,1.16,0,0.00%,"71,423","570,463",55.56M,N/A,
CTXR,"Citius Pharmaceuticals, Inc.",0.9878,0.0073,0.74%,"256,723",1.109M,54.799M,N/A,
PTI,"Proteostasis Therapeutics, Inc.",1.05,0.073,7.47%,"238,820","721,887",54.789M,N/A,
COCP,"Cocrystal Pharma, Inc.",0.7988,-0.0355,-4.26%,"341,648",2.411M,59.106M,N/A,
CWBR,"CohBar, Inc.",0.9133,-0.0029,-0.32%,"205,179","666,341",52.938M,N/A,
ACOR,"Acorda Therapeutics, Inc.",1.1,0.2258,25.83%,8.224M,5.755M,52.765M,N/A,
DFFN,Diffusion Pharmaceuticals Inc.,0.8229,0.0061,0.75%,"308,060",1.093M,52.664M,N/A,
ARPO,"Aerpio Pharmaceuticals, Inc.",1.25,-0.09,-6.72%,"205,362",2.082M,52.585M,N/A,
EYPT,"EyePoint Pharmaceuticals, Inc.",0.39,0.0159,4.25%,"902,848",2.606M,52.173M,N/A,
AKTX,"Akari Therapeutics, Plc",1.53,0.03,2.00%,"39,767","163,481",51.815M,N/A,
MACK,"Merrimack Pharmaceuticals, Inc.",3.84,-0.02,-0.52%,"16,029","40,795",51.38M,31.22,
KZIA,Kazia Therapeutics Limited,5.64,-0.25,-4.24%,"45,849","570,476",50.372M,N/A,
VTGN,"VistaGen Therapeutics, Inc.",0.6701,-0.0453,-6.33%,1.007M,1.643M,49.586M,N/A,
ATXI,"Avenue Therapeutics, Inc.",2.95,-0.19,-6.05%,"191,238","255,980",49.273M,N/A,
ADXN,Addex Therapeutics Ltd,11.03,0,0.00%,11,"2,672",50.329M,N/A,
ALNA,"Allena Pharmaceuticals, Inc.",1.27,0.02,1.60%,"279,152",1.332M,48.411M,N/A,
MNPR,Monopar Therapeutics Inc.,4.44,-0.06,-1.33%,"25,699","171,872",47.67M,N/A,
SNGX,"Soligenix, Inc.",1.59,-0.11,-6.47%,"800,449","434,716",47.457M,N/A,
ONTX,"Onconova Therapeutics, Inc.",0.2532,-0.0068,-2.62%,3.489M,17.277M,46.482M,N/A,
PDSB,PDS Biotechnology Corporation,2.07,0.08,4.02%,"199,646","695,360",46.082M,N/A,
ALRN,"Aileron Therapeutics, Inc.",1.13,-0.02,-1.74%,"832,515",1.156M,45.059M,N/A,
BITRF,Biotron Limited,0.0725,0.008,12.40%,"3,000","11,451",41.808M,N/A,
CRPOF,Ceapro Inc.,0.57,0.0489,9.38%,"1,265","18,735",44.639M,N/A,
KMPH,"KemPharm, Inc.",0.615,0.045,7.89%,"380,021","821,009",44.615M,N/A,
OCGN,"Ocugen, Inc.",0.2752,-0.0054,-1.92%,3.612M,11.688M,44.59M,N/A,
CLGN,CollPlant Biotechnologies Ltd.,6.8,0,0.00%,"7,925","10,153",43.976M,N/A,
ANPC,"AnPac Bio-Medical Science Co., Ltd.",3.92,0.71,22.12%,19.085M,"608,840",43.909M,N/A,
NGENF,NervGen Pharma Corp.,1.2372,0.0372,3.10%,"1,100","17,976",42.949M,N/A,
FWP,Forward Pharma A/S,6.32,0.05,0.80%,"18,163","49,447",43.557M,N/A,
PCSA,"Processa Pharmaceuticals, Inc.",4.16,0.05,1.22%,"34,066","27,518",42.912M,N/A,
SRBCF,Sirona Biochem Corp.,0.1866,0,0.00%,"4,239","24,387",42.501M,N/A,
SEEL,"Seelos Therapeutics, Inc.",0.7885,0.0485,6.55%,"330,320",1.38M,42.003M,N/A,
MBRX,"Moleculin Biotech, Inc.",0.6783,-0.0126,-1.82%,"528,454","612,440",41.854M,N/A,
GLSI,"Greenwich LifeSciences, Inc.",3.51,0,0.00%,"5,710","30,748",42.015M,N/A,
RNUGF,ReNeuron Group plc,1.205,0,0.00%,"1,000",169,37.493M,N/A,
SPHDF,Santhera Pharmaceuticals Holding AG,3.575,0,0.00%,"9,950",844,35.414M,N/A,
PULM,"Pulmatrix, Inc.",1.11,-0.01,-0.89%,"296,146","516,518",38.192M,N/A,
ABIO,"ARCA biopharma, Inc.",4.05,0.2,5.19%,"890,675","790,647",37.752M,N/A,
ICCC,ImmuCell Corporation,5.21,-0.1,-1.88%,"2,745","8,836",37.579M,N/A,
PTE,"PolarityTE, Inc.",0.9565,-0.0325,-3.29%,"339,548","497,683",37.225M,N/A,
NNVC,"NanoViricides, Inc.",3.48,0.03,0.87%,"88,925","639,484",37.076M,N/A,
EMMA,"Emmaus Life Sciences, Inc.",0.7501,-0.045,-5.65%,"3,492","18,447",36.358M,N/A,
ZSAN,Zosano Pharma Corporation,0.375,-0.0074,-1.94%,2.529M,6.38M,35.859M,N/A,
TBPMF,Tetra Bio-Pharma Inc.,0.13,-0.0044,-3.27%,"112,178","113,646",35.837M,N/A,
VCNX,"Vaccinex, Inc.",1.77,0.05,2.91%,"362,462","893,632",35.567M,N/A,
BLRX,BioLineRx Ltd.,2.29,0.31,15.66%,16.237M,3.738M,35.416M,N/A,
ONCT,"Oncternal Therapeutics, Inc.",1.58,0.03,1.94%,"50,141","84,420",34.856M,N/A,
SONN,"Sonnet BioTherapeutics Holdings, Inc.",2.55,-0.12,-4.49%,"244,277",2.402M,34.792M,N/A,
IMRN,Immuron Limited,6,-0.75,-11.11%,"149,756","141,412",34.553M,N/A,
NWPHF,Newron Pharmaceuticals S.p.A.,1.9,0,0.00%,900,68,34.432M,N/A,
CBLI,"Cleveland BioLabs, Inc.",2.54,-0.23,-8.30%,"251,894",2.592M,33.062M,N/A,
ARTH,"Arch Therapeutics, Inc.",0.1681,-0.0019,-1.12%,"79,057","342,124",32.451M,N/A,
ACER,Acer Therapeutics Inc.,2.64,0.2,8.20%,"45,138","373,532",31.45M,N/A,
BVXV,BiondVax Pharmaceuticals Ltd.,2.72,-0.28,-9.33%,1.304M,"802,895",31.354M,N/A,
KTRA,"Kintara Therapeutics, Inc.",1.31,-0.04,-2.96%,"49,538","446,250",30.843M,N/A,
DARE,"Daré Bioscience, Inc.",0.9752,0.0131,1.36%,"200,234","555,570",30.77M,N/A,
LIFE,"aTyr Pharma, Inc.",3.07,-0.1,-3.15%,"43,487","91,749",30.724M,N/A,
MBXBF,Microbix Biosystems Inc.,0.275,0,0.00%,"45,000","7,039",30.641M,N/A,
CLRB,"Cellectar Biosciences, Inc.",1.14,0,0.00%,"128,755","430,301",31.468M,N/A,
BSEM,"BioStem Technologies, Inc.",1.2,0.2,20.00%,"3,200","2,253",30.258M,N/A,
ANVS,"Annovis Bio, Inc.",4.3614,-0.1986,-4.36%,"106,947","32,581",29.948M,N/A,
OGEN,"Oragenics, Inc.",0.4932,0.0213,4.51%,"513,942",2.775M,30.088M,N/A,
CLCS,"Cell Source, Inc.",1,0.05,5.26%,"3,495","5,801",29.7M,N/A,
SNBP,"Sun BioPharma, Inc.",3.03,-0.04,-1.30%,"31,439","38,987",29.238M,N/A,
OPNT,"Opiant Pharmaceuticals, Inc.",6.86,-0.03,-0.44%,"12,592","21,620",29.211M,3.82,
CLBS,"Caladrius Biosciences, Inc.",1.51,0,0.00%,"92,735","452,236",29.178M,N/A,
NVUS,"Novus Therapeutics, Inc.",23.12,-3.06,-11.69%,"49,947","222,870",28.956M,N/A,
MLND,"Millendo Therapeutics, Inc.",1.5,0.06,4.17%,"200,263","395,592",28.5M,N/A,
ACHV,"Achieve Life Sciences, Inc.",7.89,0.03,0.38%,"56,434","251,041",28.303M,N/A,
CNSP,"CNS Pharmaceuticals, Inc.",1.68,0.01,0.60%,"8,444","87,712",27.976M,N/A,
HSITF,Hadasit Bio-Holdings Ltd,2.61,0,0.00%,"1,000",289,28.195M,N/A,
PVCT,"Provectus Biopharmaceuticals, Inc.",0.0686,-0.0014,-2.00%,"216,853","333,889",27.053M,N/A,
ARFXF,"ProMIS Neurosciences, Inc.",0.093,0.0028,3.05%,"54,013","116,769",26.914M,N/A,
ATHE,Alterity Therapeutics Limited,1.18,-0.06,-4.84%,"124,792",1.937M,26.339M,N/A,
KLFE,"Kannalife, Inc.",0.35,0.05,16.67%,"8,130","10,151",25.988M,N/A,
CATB,"Catabasis Pharmaceuticals, Inc.",1.36,0.02,1.49%,2.645M,"872,084",25.95M,N/A,
CANF,Can-Fite BioPharma Ltd.,1.69,-0.04,-2.31%,"65,186","515,304",26.05M,N/A,
BBI,"Brickell Biotech, Inc.",0.497,-0.0126,-2.47%,1.315M,2.389M,25.688M,N/A,
HEPA,"Hepion Pharmaceuticals, Inc.",2.83,0.14,5.20%,"166,066","384,495",25.541M,N/A,
NBY,"NovaBay Pharmaceuticals, Inc.",0.615,0.0074,1.22%,"445,140",2.491M,27.553M,N/A,
NTRP,"Neurotrope, Inc.",1.03,0.031,3.10%,"128,094","467,969",24.491M,N/A,
BCDA,"BioCardia, Inc.",1.95,-0.04,-2.01%,"49,372","104,860",24.23M,N/A,
CTDH,"Cyclo Therapeutics, Inc.",0.143,0,0.00%,"109,993","235,261",24.308M,N/A,
PKTX,"ProtoKinetix, Incorporated",0.086,-0.014,-14.00%,"47,398","38,816",24.217M,N/A,
ADIL,"Adial Pharmaceuticals, Inc.",1.75,0.01,0.57%,"271,926",2.736M,24.125M,N/A,
QBIO,Q BioMed Inc.,1.01,0.01,1.00%,"48,011","56,367",23.645M,N/A,
CNBX,Cannabics Pharmaceuticals Inc.,0.175,-0.0135,-7.19%,"47,190","82,016",23.639M,N/A,
MTP,Midatech Pharma plc,1.81,0.01,0.56%,"48,398",3.241M,23.478M,N/A,
SLS,"SELLAS Life Sciences Group, Inc.",2.45,-0.11,-4.30%,"106,059","152,246",23.182M,N/A,
ADXS,"Advaxis, Inc.",0.3408,0.0028,0.83%,1.054M,1.89M,22.57M,N/A,
TRPXD,Therapix Biosciences Ltd.,5.55,-1.4,-20.14%,683,N/A,22.34M,N/A,
HOTH,"Hoth Therapeutics, Inc.",1.65,-0.02,-1.20%,"434,210","483,655",22.167M,N/A,
CVALF,Covalon Technologies Ltd.,0.85,0.0965,12.81%,"8,800","1,940",22.098M,16.04,
AGNPF,Algernon Pharmaceuticals Inc.,0.197,0.0095,5.07%,"134,091","548,999",21.716M,N/A,
SNSS,"Sunesis Pharmaceuticals, Inc.",1.17,0.02,1.74%,"561,638",1.243M,21.169M,N/A,
BXRX,"Baudax Bio, Inc.",1.15,0.06,5.50%,"685,652","761,150",21.131M,N/A,
AZRX,"AzurRx BioPharma, Inc.",0.7199,-0.0071,-0.98%,"138,622","344,956",20.519M,N/A,
HSTO,Histogen Inc.,1.68,-0.02,-1.18%,"57,082","116,470",20.509M,N/A,
APVO,Aptevo Therapeutics Inc.,6.3,-0.16,-2.48%,"20,542","44,240",20.367M,N/A,
CYTR,CytRx Corporation,0.55,-0.01,-1.79%,"38,794","54,681",20.064M,N/A,
IMLFF,InMed Pharmaceuticals Inc.,3.7645,0.4272,12.80%,"18,593","7,983",19.863M,N/A,
ENTX,Entera Bio Ltd.,1.08,0.01,0.93%,"15,400","141,801",19.693M,N/A,
PMCB,"PharmaCyte Biotech, Inc.",0.0082,-0.0007,-8.43%,19.053M,17.806M,19.021M,N/A,
AEZS,Aeterna Zentaris Inc.,0.2987,-0.0138,-4.42%,1.082M,3.038M,18.518M,N/A,
ADTX,"ADiTx Therapeutics, Inc.",1.92,0,0.00%,"234,824",2.128M,18.16M,N/A,
SBPH,"Spring Bank Pharmaceuticals, Inc.",1.05,0.02,1.94%,"26,651","78,980",18.111M,N/A,
SILO,Silo Pharma Inc.,0.21,0.01,5.00%,1.595M,N/A,17.88M,N/A,
ACST,Acasti Pharma Inc.,0.1881,0.0021,1.13%,1.708M,5.84M,17.662M,N/A,
RGLS,Regulus Therapeutics Inc.,0.4909,0.0199,4.23%,1.745M,"614,363",17.635M,N/A,
BIOAF,Bioasis Technologies Inc.,0.2481,0,0.00%,9,"20,496",17.332M,N/A,
AIKI,AIkido Pharma Inc.,0.4889,-0.0199,-3.91%,"864,723",1.771M,17.072M,N/A,
CLSN,Celsion Corporation,0.472,-0.001,-0.21%,2.045M,"997,986",17.067M,N/A,
ITRM,Iterum Therapeutics plc,0.4601,-0.0139,-2.93%,1.774M,5.19M,16.909M,N/A,
AMHV,American Hemp Ventures Inc.,1,0,0.00%,910,296,16.807M,N/A,
INNMF,Amplia Therapeutics Limited,0.127,0,0.00%,"105,000","47,132",16.634M,N/A,
BLCM,"Bellicum Pharmaceuticals, Inc.",3.28,-0.43,-11.59%,"215,136","84,192",16.596M,N/A,
MATN,"Mateon Therapeutics, Inc.",0.1849,-0.0051,-2.66%,"48,174","97,623",16.572M,N/A,
CRYO,American CryoStem Corporation,0.3,-0.0299,-9.05%,"5,020","64,580",16.232M,N/A,
GNBT,Generex Biotechnology Corporation,0.2,-0.008,-3.85%,1.395M,"918,884",15.97M,N/A,
INTI,"Inhibitor Therapeutics, Inc.",0.0425,0,0.00%,1,"10,146",16.204M,N/A,
CYCC,"Cyclacel Pharmaceuticals, Inc.",3.24,-0.02,-0.61%,"56,618","178,966",15.759M,N/A,
EYEG,"EyeGate Pharmaceuticals, Inc.",3.4,-0.12,-3.41%,"8,659","196,272",15.731M,N/A,
ATOS,"Atossa Therapeutics, Inc.",1.5,0.01,0.67%,"60,832","376,278",15.592M,N/A,
MYMX,Mymetics Corporation,0.0506,-0.0003,-0.57%,"281,393","99,523",15.373M,N/A,
BIXT,"Bioxytran, Inc.",0.1575,-0.0025,-1.56%,"20,000","5,162",15.282M,N/A,
IGXT,IntelGenx Technologies Corp.,0.1362,-0.0053,-3.77%,"269,774","205,907",15.014M,N/A,
PRVCF,PreveCeutical Medical Inc.,0.0283,0,0.00%,1.724M,"721,973",14.785M,N/A,
GTBP,"GT Biopharma, Inc.",0.1925,0.0025,1.32%,"350,471","269,736",14.738M,N/A,
VCEX,Vaccex Inc,0.2879,-0.1321,-31.45%,"229,743","45,046",14.428M,N/A,
ZHCLF,Zenith Capital Corp.,0.041,-0.006,-12.77%,"51,418",N/A,14.11M,N/A,
SLRX,"Salarius Pharmaceuticals, Inc.",0.6737,0.0266,4.11%,"100,868","177,836",13.353M,N/A,
TTNP,"Titan Pharmaceuticals, Inc.",0.109,-0.0313,-22.31%,136.384M,11.96M,12.727M,N/A,
PHIO,Phio Pharmaceuticals Corp.,2.1,0.02,0.96%,"337,546","404,587",12.139M,N/A,
BPTH,"Bio-Path Holdings, Inc.",3.28,0,0.00%,"183,107","990,812",12.109M,N/A,
BSTG,"Biostage, Inc.",1.38,0,0.00%,102,"5,175",12.071M,N/A,
TMBR,"Timber Pharmaceuticals, Inc.",1,0.0226,2.31%,"158,404","641,540",12.032M,N/A,
TSOI,"Therapeutic Solutions International, Inc.",0.006,-0.0005,-7.69%,8.679M,12.802M,11.924M,N/A,
VPRO,Viropro Inc.,0.0005,0,0.00%,600,"114,994",11.909M,N/A,
PTIX,"Protagenic Therapeutics, Inc.",1.15,0,0.00%,110,18,11.801M,N/A,
BNTC,Benitec Biopharma Inc.,2.61,-0.08,-2.97%,"31,086","85,967",11.498M,N/A,
KNBIF,Kane Biotech Inc.,0.0951,0,0.00%,"2,900","3,798",11.423M,N/A,
TOMDF,Todos Medical Ltd.,0.056,0.0045,8.83%,1.038M,2.734M,11.315M,N/A,
BICTF,Biocure Technology Inc.,0.115,0,0.00%,200,298,11.036M,N/A,
XTLB,XTL Biopharmaceuticals Ltd.,2.22,0.08,3.74%,"9,625","17,300",10.959M,N/A,
PSTV,"Plus Therapeutics, Inc.",2.26,0.05,2.26%,"40,295","943,515",10.802M,N/A,
JAGX,"Jaguar Health, Inc.",0.1915,-0.0074,-3.72%,2.425M,5.91M,10.748M,N/A,
GOVX,"GeoVax Labs, Inc.",2.94,0.02,0.68%,"99,110",1.172M,10.465M,N/A,
TENX,"Tenax Therapeutics, Inc.",0.8198,-0.2402,-22.66%,"632,734","210,520",10.345M,N/A,
CYCCP,"Cyclacel Pharmaceuticals, Inc.",5.4,-0.56,-9.40%,53,226,10.268M,N/A,
NTEC,Intec Pharma Ltd.,2.44,0.15,6.55%,"431,682","385,944",9.634M,N/A,
SNCA,"Seneca Biopharma, Inc.",0.5539,-0.0086,-1.53%,"89,964","381,020",9.58M,N/A,
EMBI,Emerald Bioscience Inc.,0.0376,-0.0006,-1.60%,"88,630","792,241",9.007M,N/A,
NVIV,InVivo Therapeutics Holdings Corp.,0.54,-0.0005,-0.09%,"803,823","601,027",9M,N/A,
BETRF,BetterLife Pharma Inc.,0.5014,0.0187,3.87%,109,"8,303",8.955M,N/A,
ANCN,Anchiano Therapeutics Ltd,1.18,-0.11,-8.53%,"91,415","308,987",8.755M,N/A,
VXLLF,Vaxil Bio Ltd.,0.0861,-0.0128,-12.94%,"146,300","63,195",8.54M,N/A,
ETBI,Eastgate Biotech Corp.,0.004,0.001,33.33%,"49,500","62,663",8.23M,N/A,
REXN,"Rexahn Pharmaceuticals, Inc.",1.83,-0.32,-14.88%,"330,461","63,116",8.204M,N/A,
AMAR,"Amarillo Biosciences, Inc.",0.2,0.0225,12.68%,"7,047","14,327",8.183M,N/A,
NNLX,"NanoLogix, Inc.",0.05,-0.0029,-5.48%,"156,400","124,389",7.939M,N/A,
XRTXF,XORTX Therapeutics Inc.,0.08,0,0.00%,"25,000","12,513",7.928M,N/A,
GBLX,"GB Sciences, Inc.",0.0273,0.0001,0.55%,"170,083","277,966",7.673M,N/A,
IMUN,"Immune Therapeutics, Inc.",0.0167,0.0014,9.15%,3.694M,3.397M,7.642M,N/A,
LMNGF,Lions Bay Mining Corp.,0.2842,-0.0285,-9.12%,"1,034","1,211",7.636M,N/A,
NSPDF,Naturally Splendid Enterprises Ltd.,0.0351,-0.0042,-10.80%,"14,450","15,698",7.439M,N/A,
ARTL,"Artelo Biosciences, Inc.",0.4815,0.0237,5.18%,"457,188",1.39M,7.276M,N/A,
HXBM,"Helix BioMedix, Inc.",25,0,0.00%,222,64,7.126M,N/A,
ENZN,"Enzon Pharmaceuticals, Inc.",0.15,0.0045,3.09%,"33,044","86,701",6.632M,N/A,
VBIO,"Vitality Biopharma, Inc.",0.13,0.03,30.00%,"3,961","16,172",6.609M,N/A,
MCUJF,Medicure Inc.,0.6,0.0091,1.54%,"1,500","3,200",6.506M,0.27,
NPHC,Nutra Pharma Corp.,0.0016,0.0007,77.78%,380.92M,26.796M,6.432M,N/A,
VVUSQ,"VIVUS, Inc.",0.3401,0.0101,3.06%,"11,924","258,806",6.077M,N/A,
EARS,Auris Medical Holding Ltd.,0.8086,0.0086,1.07%,"73,255",2.147M,5.733M,N/A,
SYN,"Synthetic Biologics, Inc.",0.2921,-0.0074,-2.47%,"200,220","630,500",5.679M,N/A,
LVCLY,Living Cell Technologies Limited,0.11,0,0.00%,34,"2,263",5.606M,N/A,
CGIX,"Cancer Genetics, Inc.",2.2,-0.05,-2.22%,"107,440",1.851M,5.516M,N/A,
NTII,"Neurobiological Technologies, Inc.",0.004,0,0.00%,14,"2,607",5.431M,0.01,
RASP,"Rasna Therapeutics, Inc.",0.077,0,0.00%,577,"56,404",5.306M,N/A,
ICOTF,iCo Therapeutics Inc.,0.0358,0,0.00%,"2,400","17,750",5.175M,N/A,
XBIO,"Xenetic Biosciences, Inc.",0.7832,-0.0808,-9.35%,"333,067","277,220",4.931M,N/A,
FNAM,"Evolutionary Genomics, Inc.",0.8,0,0.00%,200,"1,287",4.706M,N/A,
ISCO,International Stem Cell Corporation,0.61,0.03,5.17%,"9,186","2,347",4.599M,N/A,
REPCF,RepliCel Life Sciences Inc.,0.1258,0.0072,6.07%,"1,212","13,335",4.408M,N/A,
ONBI,ONE Bio Corp.,0.011,0,0.00%,"10,000",242,4.401M,0.01,
BZYR,"Burzynski Research Institute, Inc.",0.0304,-0.0057,-15.79%,890,"9,853",3.996M,N/A,
TAUG,"Tauriga Sciences, Inc.",0.024,-0.002,-7.69%,1.206M,"989,950",3.97M,N/A,
NBIO,"Nascent Biotech, Inc.",0.0587,-0.0004,-0.59%,"57,275","162,898",3.789M,N/A,
AVXT,"AVAX Technologies, Inc.",0.0013,-0.0012,-48.00%,100,"74,691",3.708M,N/A,
WWHC,W World Corp.,3.02,0,0.00%,26,N/A,3.43M,N/A,
FPMI,"FluoroPharma Medical, Inc.",0.0022,0,0.00%,100,"10,054",3.426M,N/A,
IPCIF,Intellipharmaceutics International Inc.,0.146,-0.0207,-12.42%,"98,840","39,787",3.271M,N/A,
SOAN,"AngioSoma, Inc.",0.0084,0,0.00%,3.019M,10.281M,3.218M,N/A,
AFFY,"Affymax, Inc.",0.1525,0.01,7.02%,"39,225","162,778",3.089M,1.86,
AMBS,"Amarantus BioScience Holdings, Inc.",0.0055,-0.0005,-8.33%,1.591M,1.069M,2.954M,N/A,
BCTXF,BriaCell Therapeutics Corp.,3.765,-0.335,-8.17%,460,236,2.886M,N/A,
USRM,"U.S. Stem Cell, Inc.",0.007,-0.0005,-6.67%,"496,330","568,275",2.85M,N/A,
WIZP,"Wize Pharma, Inc.",0.16,0,0.00%,"2,000","6,086",2.607M,N/A,
CBBT,Cerebain Biotech Corp.,0.0171,-0.0019,-10.00%,11.905M,33.526M,2.398M,N/A,
SGBI,"Sangui Biotech International, Inc.",0.0111,0,0.00%,416,"1,188",2.257M,N/A,
TXTM,"ProText Mobility, Inc.",0.0004,0,0.00%,10.095M,5.206M,2.242M,N/A,
CBDC,"Apotheca Biosciences, Inc.",0.012,0,0.00%,5,"8,956",2.155M,N/A,
GBIM,"GlobeImmune, Inc.",0.168,0,0.00%,80,"14,490",2.013M,N/A,
PFND,"Pathfinder Cell Therapy, Inc.",0.0031,0,0.00%,6,"37,928",2.001M,N/A,
APOP,Cellect Biotechnology Ltd.,1.71,-0.1,-5.52%,"131,175","256,801",1.962M,N/A,
NGRC,National Graphite Corp.,0.032,-0.03,-48.39%,223,"1,095",1.673M,N/A,
AURX,"Nuo Therapeutics, Inc.",0.07,0,0.00%,"33,000","7,645",1.661M,N/A,
VNTA,"Ventana Biotech, Inc.",0.03,0.008,36.36%,"230,447","72,625",1.652M,N/A,
HIRU,Hiru Corporation,0.0009,0,0.00%,"10,000",13.644M,1.573M,0.22,
CRXM,"Gene Biotherapeutics, Inc.",0.0599,0.0001,0.17%,"27,823","342,715",1.422M,N/A,
BRTXQ,"BioRestorative Therapies, Inc.",0.0318,-0.0017,-4.93%,89.965M,120.145M,1.401M,N/A,
MDFZF,Medifocus Inc.,0.002,0,0.00%,"1,400","16,353",1.39M,N/A,
ENDV,"Endonovo Therapeutics, Inc.",0.08,-0.0079,-8.99%,"43,096","69,784",1.302M,N/A,
HALB,Alaric Corporation,0.0273,-0.0067,-19.71%,17.201M,20.284M,1.255M,9.1,
PPCB,"Propanc Biopharma, Inc.",0.0018,0,-2.43%,2.008M,15.023M,1.246M,N/A,
CCAN,Canadian Cannabis Corp.,0.025,0,0.00%,"36,164","14,321",1.211M,N/A,
RSPI,RespireRx Pharmaceuticals Inc.,0.0039,-0.0003,-7.14%,14.377M,10.184M,1.199M,N/A,
PKPH,"Peak Pharmaceuticals, Inc.",0.016,0.0015,10.34%,"3,250","22,909",1.167M,N/A,
POLXF,Polydex Pharmaceuticals Limited,1,-0.06,-5.66%,"2,700","1,273",1.16M,58.82,
IMUC,"ImmunoCellular Therapeutics, Ltd.",0.295,-0.005,-1.67%,"2,614","30,531",1.142M,N/A,
CDXI,"Cardax, Inc.",1.5,-0.24,-13.79%,"2,500",290,1.138M,N/A,
NTRR,Neutra Corp.,0.0008,-0.0001,-5.88%,2.886M,9.241M,1.107M,N/A,
ATMS,Artemis Therapeutics Inc.,0.21,0,0.00%,"1,500","10,133",1.082M,N/A,
VGLS,VG Life Sciences Inc.,0.0073,0,0.00%,86,"52,160",1.079M,N/A,
STLT,Spotlight Innovation Inc.,0.03,0,0.00%,88,"2,277",1.073M,N/A,
MCET,"MultiCell Technologies, Inc.",0.0002,0,0.00%,1.12M,10.098M,1M,N/A,
BTHE,"Boston Therapeutics, Inc.",0.0089,-0.0001,-1.56%,"1,000","16,983","984,620",N/A,
ATRX,"Adhera Therapeutics, Inc.",0.079,0.0005,0.64%,"1,549","24,790","858,690",N/A,
ONPHD,Oncology Pharma Inc.,0.5,0,0.00%,50,N/A,"900,810",N/A,
TLOG,TetraLogic Pharmaceuticals Corporation,0.0142,0.0052,57.22%,"20,100","12,703","721,209",N/A,
XSNX,NovAccess Global Inc.,0.45,-0.02,-4.26%,"4,997","8,925","720,850",2.21,
IMNPQ,"Immune Pharmaceuticals, Inc.",0.004,0.0003,8.11%,"53,845","271,643","691,512",N/A,
CELZ,"Creative Medical Technology Holdings, Inc.",0.002,0.0001,5.26%,16.829M,15.343M,"666,278",N/A,
ADYX,"Adynxx, Inc.",0.1111,0,0.00%,100,772,"645,255",N/A,
MBCI,"MabCure, Inc.",0.0014,0,0.00%,"5,290","46,076","643,638",N/A,
AKAOQ,"Achaogen, Inc.",0.01,0.001,11.11%,"9,620","95,606","638,799",N/A,
ANTH,"Anthera Pharmaceuticals, Inc.",0.0198,0.0002,1.02%,"40,087","68,949","624,151",N/A,
OVIT,"OncoVista Innovative Therapies, Inc.",0.0285,0.0083,41.09%,"12,490","12,609","613,582",N/A,
BOAA,Bio-America Inc.,2,0,0.00%,100,26,"594,000",N/A,
COTQF,Cotinga Pharmaceuticals Inc.,0.01,0,0.00%,150,"2,719","578,066",N/A,
GTHR,"GeneThera, Inc.",0.015,0,0.00%,"10,000","34,115","538,539",N/A,
HSTC,"HST Global, Inc.",0.12,0,0.00%,200,"7,685","509,758",1.14,
PPMD,"Protide Pharmaceuticals, Inc.",0.12,-0.01,-7.69%,"2,562","1,398","483,480",N/A,
PARD,"Poniard Pharmaceuticals, Inc.",0.046,0,0.00%,25,701,"434,756",N/A,
VIBI,Vilacto Bio Inc.,0.0002,0,0.00%,"850,000",8.426M,"427,404",N/A,
RCHA,"Rich Pharmaceuticals, Inc.",0.0002,0.0001,100.00%,3.24M,6.917M,"376,771",N/A,
KAST,"Kasten, Inc.",0.0032,0,0.00%,"10,000","10,270","343,756",N/A,
SPHS,"Sophiris Bio, Inc.",0.0092,-0.0009,-8.91%,"49,660","183,090","317,143",9.2,
OBMP,"OncBioMune Pharmaceuticals, Inc.",0.2211,0,0.00%,6,"1,773","309,113",N/A,
ROTH,"PharmaRoth Labs, Inc.",0.001,0,0.00%,"1,500","149,994","301,878",N/A,
CBPI,China Botanic Pharmaceutical Inc.,0.0279,0,0.00%,11,"19,190","297,916",0.04,
GLPH,"Gala Pharmaceutical, Inc.",0.0023,0,0.00%,500,"25,690","269,682",N/A,
NEXS,"Nexus BioPharma, Inc.",0.0054,0,0.00%,"10,000","14,967","263,552",N/A,
PLPL,"Plandaí Biotechnology, Inc.",0.0004,0,0.00%,1.772M,17.507M,"236,874",N/A,
XENO,Xeno Transplants Corporation,0.0016,-0.0009,-36.00%,"30,000","17,868","232,496",N/A,
RGBP,"Regen BioPharma, Inc.",0.0004,0,0.00%,32.721M,52.903M,"228,592",N/A,
VIAP,"VIA Pharmaceuticals, Inc.",0.0025,0,0.00%,10,"11,858","226,142",N/A,
MLPH,"Molecular Pharmacology (USA), Ltd.",0.0032,0,0.00%,194,"4,041","223,106",N/A,
ERGO,"Entia Biosciences, Inc.",0.0155,-0.0034,-18.16%,"16,000","15,893","192,841",N/A,
MRPI,"Mera Pharmaceuticals, Inc.",0.0005,0,0.00%,"152,000","352,107","167,189",N/A,
PROT,"Proteonomix, Inc.",0.0031,-0.0001,-3.12%,"1,282","5,310","161,696",N/A,
SNNAQ,"Sienna Biopharmaceuticals, Inc.",0.0051,0.0001,2.00%,"5,637","27,180","157,627",N/A,
RCPIQ,"Rock Creek Pharmaceuticals, Inc.",0.0014,0,0.00%,555,"145,332","153,399",N/A,
DROP,"Fuse Science, Inc.",0.0124,0.0024,24.00%,"49,663","285,706","119,040",N/A,
BSYI,"BioSyntech, Inc.",0.0022,0,0.00%,"139,146","39,546","116,440",N/A,
NSPX,"Inspyr Therapeutics, Inc.",0.0125,-0.0024,-16.11%,4.892M,15.585M,"82,338",N/A,
KALTF,"Kalytera Therapeutics, Inc.",0.0001,0,0.00%,"2,500","1,766","80,868",N/A,
GNLKQ,"GeneLink, Inc.",0.0008,0,0.00%,"120,500","14,758","79,504",N/A,
OMMH,"Omnimmune Holdings, Inc.",0.025,0.014,127.27%,100,"17,241","71,325",N/A,
RGBPP,"Regen BioPharma, Inc.",0.0018,0.0003,16.67%,"1,526","408,556","65,324",N/A,
NNBP,"Nanobac Pharmaceuticals, Incorporated",0.0004,-0.0004,-50.00%,500,"238,722","62,376",N/A,
HTDS,Hard to Treat Diseases Inc.,0,-0.0001,-90.00%,"530,000","248,258","54,823",N/A,
MTST,"MetaStat, Inc.",0.0185,0.0113,157.64%,"1,000","2,447","52,996",N/A,
AHROQ,AtheroNova Inc.,0.002,-0.0016,-44.44%,450,"4,451","48,939",N/A,
NBCO,"Neon Bloom, Inc.",0.5,0,0.00%,7,208,"43,887",N/A,
HESG,"Health Sciences Group, Inc.",0.0001,0.0001,9900.00%,"352,000","450,990","39,404",N/A,
BSSP,"Reve Technologies, Inc.",0.0001,0,0.00%,"219,990","174,640","37,188",N/A,
ITMC,Itoco Inc.,0.1198,-0.0002,-0.17%,"50,384","74,036","25,955",N/A,
VRCI,"Verde Science, Inc.",0.001,0,0.00%,"199,999","15,068","23,867",N/A,
TNGNQ,"Tengion, Inc.",0.0006,0,0.00%,"554,333","27,706","17,305",N/A,
EPRSQ,"EPIRUS Biopharmaceuticals, Inc.",0.0027,0,0.00%,296,"45,102","15,710",N/A,
PZRXQ,"PhaseRx, Inc.",0.0015,0,0.00%,9,"9,218","15,196",N/A,
PRTX,"Protalex, Inc.",0.0003,0,0.00%,"20,000","3,451","14,197",N/A,
ENZC,Enzolytics Inc.,0.0108,-0.0019,-14.96%,81.615M,132.405M,"8,176",N/A,
HAVLF,HAVN Life Sciences Inc.,0.6679,0.0029,0.44%,"35,699",N/A,N/A,N/A,
KDNY,"Chinook Therapeutics, Inc.",13.38,1.03,8.34%,"147,164","148,566",N/A,N/A,
ANTI,"Antigenics, Inc.",0.0027,0,0.00%,"21,019","4,966",N/A,N/A,
BMMX,"Biomimix, Inc.",0.0031,0,0.00%,"23,000","4,884",N/A,N/A,
CERE,"Cerevel Therapeutics Holdings, Inc.",10.22,-0.08,-0.78%,"51,991","92,200",N/A,N/A,